,f,fold0,fold1,fold2,fold3,fold4,fold5,fold6,fold7,fold8,fold9,fold10,fold11
0,AMT_ANNUITY,99,75,124,151,99,113,182,109,104,106,126,136
1,AMT_CREDIT,46,47,44,63,38,57,77,44,54,47,39,53
2,AMT_GOODS_PRICE,30,40,35,65,34,45,71,33,40,36,36,31
3,AMT_INCOME_TOTAL,53,40,63,63,39,68,84,50,41,54,34,58
4,AMT_REQ_CREDIT_BUREAU_DAY,1,0,0,0,0,8,12,0,1,0,1,0
5,AMT_REQ_CREDIT_BUREAU_HOUR,0,0,0,0,0,0,0,0,0,0,0,0
6,AMT_REQ_CREDIT_BUREAU_MON,10,11,2,10,10,11,21,6,5,14,13,9
7,AMT_REQ_CREDIT_BUREAU_QRT,9,9,19,7,4,21,22,12,26,15,18,14
8,AMT_REQ_CREDIT_BUREAU_WEEK,9,1,5,2,4,3,9,2,6,2,3,4
9,AMT_REQ_CREDIT_BUREAU_YEAR,21,37,34,55,34,37,49,36,45,31,28,59
10,APARTMENTS_AVG,19,16,11,23,14,20,29,26,18,22,17,33
11,APARTMENTS_MEDI,18,15,14,34,12,36,32,17,10,12,18,24
12,APARTMENTS_MODE,19,28,30,37,17,41,58,23,24,33,33,38
13,BASEMENTAREA_AVG,15,18,23,41,19,56,29,14,25,25,22,43
14,BASEMENTAREA_MEDI,16,12,25,25,16,34,34,21,17,21,17,29
15,BASEMENTAREA_MODE,20,23,25,33,21,51,62,30,28,28,24,60
16,CNT_CHILDREN,6,6,4,2,8,3,8,12,7,3,4,10
17,CNT_FAM_MEMBERS,5,16,4,18,6,20,26,5,14,14,11,21
18,CODE_GENDER,0,0,1,0,1,2,0,0,1,0,1,0
19,COMMONAREA_AVG,20,23,25,29,23,31,40,19,21,26,19,20
20,COMMONAREA_MEDI,15,12,28,26,21,33,40,20,25,17,21,36
21,COMMONAREA_MODE,18,20,20,37,13,36,43,16,42,12,23,19
22,DAYS_BIRTH,86,71,105,115,92,120,180,85,94,98,70,108
23,DAYS_EMPLOYED,53,58,64,106,67,82,140,62,64,70,89,100
24,DAYS_ID_PUBLISH,67,39,74,105,49,105,142,68,64,68,66,107
25,DAYS_LAST_PHONE_CHANGE,74,84,62,105,69,92,109,71,80,72,77,80
26,DAYS_REGISTRATION,79,57,90,112,68,112,171,41,101,92,75,98
27,DEF_30_CNT_SOCIAL_CIRCLE,2,2,6,2,0,2,2,1,0,5,0,3
28,DEF_60_CNT_SOCIAL_CIRCLE,1,0,1,3,2,1,7,7,1,1,0,1
29,ELEVATORS_AVG,6,7,5,7,7,7,13,4,2,4,7,5
30,ELEVATORS_MEDI,2,5,3,4,8,7,6,1,3,2,5,5
31,ELEVATORS_MODE,0,3,5,9,5,6,9,0,3,2,4,2
32,ENTRANCES_AVG,20,9,13,34,15,15,24,17,10,29,7,20
33,ENTRANCES_MEDI,7,5,13,16,8,11,21,9,10,13,9,16
34,ENTRANCES_MODE,7,8,11,14,16,11,21,10,11,7,9,20
35,EXT_SOURCE_1,30,30,31,41,31,47,74,26,40,31,34,47
36,EXT_SOURCE_2,57,55,67,87,50,90,113,63,85,80,70,88
37,EXT_SOURCE_3,48,54,47,70,49,80,95,43,56,68,56,99
38,FLAG_CONT_MOBILE,0,0,0,0,0,0,0,0,0,0,0,0
39,FLAG_DOCUMENT_10,0,0,0,0,0,0,0,0,0,0,0,0
40,FLAG_DOCUMENT_11,0,0,0,1,0,0,0,0,0,0,0,0
41,FLAG_DOCUMENT_12,0,0,0,0,0,0,0,0,0,0,0,0
42,FLAG_DOCUMENT_13,0,0,0,0,0,0,0,0,0,0,0,0
43,FLAG_DOCUMENT_14,0,0,0,0,0,0,0,0,0,0,0,0
44,FLAG_DOCUMENT_15,0,0,0,0,0,0,0,0,0,0,0,0
45,FLAG_DOCUMENT_16,0,0,0,1,0,0,1,0,0,0,0,0
46,FLAG_DOCUMENT_17,0,0,0,0,0,0,0,0,0,0,0,0
47,FLAG_DOCUMENT_18,0,0,0,0,0,0,0,0,0,0,0,1
48,FLAG_DOCUMENT_19,0,0,0,0,0,0,0,0,0,0,0,0
49,FLAG_DOCUMENT_2,0,0,0,0,0,0,0,0,0,0,0,0
50,FLAG_DOCUMENT_20,0,0,0,0,0,0,0,0,0,0,0,0
51,FLAG_DOCUMENT_21,0,0,0,0,0,0,0,0,0,0,0,0
52,FLAG_DOCUMENT_3,1,0,3,9,2,7,9,2,4,4,3,1
53,FLAG_DOCUMENT_4,0,0,0,0,0,0,0,0,0,0,0,0
54,FLAG_DOCUMENT_5,0,0,0,0,0,0,0,0,0,0,0,0
55,FLAG_DOCUMENT_6,2,0,0,0,0,0,7,0,1,1,0,1
56,FLAG_DOCUMENT_7,0,0,0,0,0,0,0,0,0,0,0,0
57,FLAG_DOCUMENT_8,0,3,1,3,0,1,3,1,1,2,0,1
58,FLAG_DOCUMENT_9,0,0,0,0,0,0,0,0,0,0,0,0
59,FLAG_EMAIL,0,1,0,0,0,1,4,0,0,0,0,1
60,FLAG_EMP_PHONE,0,0,0,0,0,0,0,0,0,0,0,0
61,FLAG_MOBIL,0,0,0,0,0,0,0,0,0,0,0,0
62,FLAG_OWN_CAR,0,0,0,0,0,0,0,0,0,0,0,0
63,FLAG_OWN_REALTY,2,6,8,8,4,0,8,7,2,3,6,0
64,FLAG_PHONE,1,1,1,16,1,1,9,1,3,2,3,1
65,FLAG_WORK_PHONE,13,3,21,8,6,31,36,15,18,9,23,9
66,FLOORSMAX_AVG,8,7,15,22,9,12,11,14,8,17,13,14
67,FLOORSMAX_MEDI,6,4,3,12,10,9,3,4,4,5,7,6
68,FLOORSMAX_MODE,9,6,2,7,3,5,1,2,2,2,3,4
69,FLOORSMIN_AVG,1,6,4,15,2,8,8,6,6,5,7,12
70,FLOORSMIN_MEDI,2,4,3,5,1,1,5,2,3,3,6,2
71,FLOORSMIN_MODE,0,3,1,8,0,6,6,3,5,2,2,2
72,HOUR_APPR_PROCESS_START,27,17,13,52,44,39,69,26,52,43,26,41
73,LANDAREA_AVG,18,19,17,30,17,34,41,22,18,29,23,29
74,LANDAREA_MEDI,11,9,11,23,14,35,26,21,17,13,19,35
75,LANDAREA_MODE,20,25,26,34,21,33,52,38,16,19,22,39
76,LIVE_CITY_NOT_WORK_CITY,12,2,3,3,18,13,10,16,9,9,10,17
77,LIVE_REGION_NOT_WORK_REGION,2,0,7,2,0,8,7,1,5,3,9,8
78,LIVINGAPARTMENTS_AVG,32,10,8,30,14,20,26,21,15,25,17,17
79,LIVINGAPARTMENTS_MEDI,11,15,10,25,13,17,21,30,12,16,10,20
80,LIVINGAPARTMENTS_MODE,15,8,11,15,14,26,18,11,7,14,10,14
81,LIVINGAREA_AVG,12,18,23,18,27,33,38,26,26,19,25,30
82,LIVINGAREA_MEDI,18,24,26,27,21,27,31,21,13,21,21,42
83,LIVINGAREA_MODE,26,19,39,49,33,34,60,40,33,33,40,49
84,NONLIVINGAPARTMENTS_AVG,12,11,24,18,12,14,18,17,11,9,17,9
85,NONLIVINGAPARTMENTS_MEDI,2,11,4,8,2,5,7,5,3,3,1,3
86,NONLIVINGAPARTMENTS_MODE,1,10,3,9,5,12,14,4,5,4,15,5
87,NONLIVINGAREA_AVG,19,22,32,37,48,33,60,44,34,27,42,41
88,NONLIVINGAREA_MEDI,14,15,15,22,22,15,34,21,22,14,18,29
89,NONLIVINGAREA_MODE,19,16,22,23,27,28,26,19,13,16,20,22
90,OBS_30_CNT_SOCIAL_CIRCLE,15,5,9,16,13,12,18,5,13,6,8,13
91,OBS_60_CNT_SOCIAL_CIRCLE,9,3,8,11,5,9,18,7,9,7,9,14
92,OWN_CAR_AGE,15,18,20,24,6,11,28,11,15,19,11,17
93,REGION_POPULATION_RELATIVE,134,146,158,198,121,235,299,146,173,179,125,190
94,REGION_RATING_CLIENT,4,4,4,4,5,10,6,4,12,2,5,4
95,REGION_RATING_CLIENT_W_CITY,8,13,14,6,7,16,25,10,17,17,15,26
96,REG_CITY_NOT_LIVE_CITY,1,0,0,0,0,2,2,0,1,0,0,0
97,REG_CITY_NOT_WORK_CITY,1,0,4,3,1,3,4,4,4,3,3,5
98,REG_REGION_NOT_LIVE_REGION,1,1,0,0,0,0,2,0,0,1,1,1
99,REG_REGION_NOT_WORK_REGION,17,13,14,14,6,9,23,12,23,15,16,33
100,TOTALAREA_MODE,44,26,37,48,40,52,68,34,46,38,36,41
101,YEARS_BEGINEXPLUATATION_AVG,19,30,21,41,27,31,38,29,17,27,19,26
102,YEARS_BEGINEXPLUATATION_MEDI,11,11,17,36,22,27,24,16,20,11,17,34
103,YEARS_BEGINEXPLUATATION_MODE,24,21,26,32,22,35,40,22,18,36,25,32
104,YEARS_BUILD_AVG,11,10,11,11,18,17,15,18,13,20,7,13
105,YEARS_BUILD_MEDI,6,2,7,8,4,10,8,4,6,4,13,8
106,YEARS_BUILD_MODE,13,5,12,16,6,11,22,9,7,12,10,13
107,EXT_SOURCE_1p,35,48,61,72,52,69,85,40,52,49,47,67
108,EXT_SOURCE_2p,28,31,38,51,47,71,70,44,55,36,45,50
109,EXT_SOURCE_3p,101,55,64,122,92,93,133,56,89,118,69,78
110,EXT_SOURCE_3pm,256,228,258,317,216,306,281,230,251,287,221,267
111,NEW_CREDIT_TO_ANNUITY_RATIO,163,201,200,255,153,210,241,153,210,162,140,232
112,NEW_CREDIT_TO_GOODS_RATIO,20,16,25,47,28,20,48,20,35,22,21,39
113,NEW_DOC_IND_KURT,1,0,5,0,0,5,8,3,3,5,0,6
114,NEW_LIVE_IND_SUM,6,9,9,11,8,16,22,8,4,8,10,18
115,NEW_INC_PER_CHLD,47,55,73,82,54,89,114,75,58,70,58,69
116,NEW_INC_BY_ORG,7,6,10,10,6,14,17,9,5,5,7,14
117,NEW_EMPLOY_TO_BIRTH_RATIO,69,63,102,113,86,105,149,97,91,89,65,109
118,NEW_ANNUITY_TO_INCOME_RATIO,59,59,69,75,67,119,131,60,57,65,72,99
119,NEW_SOURCES_PROD,189,159,196,210,170,227,276,167,179,173,215,202
120,NEW_EXT_SOURCES_MEAN,138,178,143,190,185,141,221,157,139,158,146,160
121,NEW_SCORES_STD,84,74,82,130,78,92,158,74,81,76,101,80
122,NEW_CAR_TO_BIRTH_RATIO,40,42,29,57,34,45,60,35,38,33,28,63
123,NEW_CAR_TO_EMPLOY_RATIO,41,32,22,48,38,30,72,31,34,44,31,49
124,NEW_PHONE_TO_BIRTH_RATIO,128,132,132,186,120,170,244,122,144,158,135,132
125,NEW_CREDIT_TO_INCOME_RATIO,53,65,66,94,69,100,147,82,73,84,60,97
126,NEW_CREDIT_TO_ANNUITY_RATIO_GOODS_PRICE,83,49,84,110,52,81,145,87,68,82,61,74
127,CODE_GENDER_AMT_ANNUITY_f1_mean,0,0,0,0,0,0,0,0,0,0,0,0
128,CODE_GENDER_AMT_ANNUITY_f1_std,0,0,0,0,0,0,0,0,0,0,0,0
129,FLAG_OWN_CAR_AMT_ANNUITY_f1_mean,0,0,0,0,0,0,0,0,0,0,0,0
130,FLAG_OWN_CAR_AMT_ANNUITY_f1_std,0,0,0,0,0,0,0,0,0,0,0,0
131,FLAG_OWN_REALTY_AMT_ANNUITY_f1_mean,0,0,0,0,2,0,0,1,0,0,0,0
132,FLAG_OWN_REALTY_AMT_ANNUITY_f1_std,0,0,0,0,0,0,0,0,0,0,0,0
133,NAME_EDUCATION_TYPE_AMT_ANNUITY_f1_mean,1,1,1,2,4,2,1,0,3,1,2,2
134,NAME_EDUCATION_TYPE_AMT_ANNUITY_f1_std,0,1,0,0,0,3,0,0,0,1,1,2
135,CODE_GENDER_AMT_CREDIT_f1_mean,0,0,0,0,0,0,0,0,0,0,0,0
136,CODE_GENDER_AMT_CREDIT_f1_std,0,0,0,0,0,0,0,0,0,0,0,0
137,FLAG_OWN_CAR_AMT_CREDIT_f1_mean,0,0,0,0,0,0,0,0,0,0,0,0
138,FLAG_OWN_CAR_AMT_CREDIT_f1_std,0,0,0,0,0,0,0,0,0,0,0,0
139,FLAG_OWN_REALTY_AMT_CREDIT_f1_mean,0,0,0,0,0,0,0,0,0,0,0,0
140,FLAG_OWN_REALTY_AMT_CREDIT_f1_std,0,0,0,0,0,0,0,0,0,0,0,0
141,CODE_GENDER_AMT_GOODS_PRICE_f1_mean,0,0,0,0,0,0,0,0,0,0,0,0
142,CODE_GENDER_AMT_GOODS_PRICE_f1_std,0,0,0,0,0,0,0,0,0,0,0,0
143,FLAG_OWN_CAR_AMT_GOODS_PRICE_f1_mean,0,0,0,0,0,0,0,0,0,0,0,0
144,FLAG_OWN_CAR_AMT_GOODS_PRICE_f1_std,0,0,0,0,0,0,0,0,0,0,0,0
145,FLAG_OWN_REALTY_AMT_GOODS_PRICE_f1_mean,0,0,0,0,0,0,0,0,0,0,0,0
146,FLAG_OWN_REALTY_AMT_GOODS_PRICE_f1_std,0,0,0,0,0,0,0,0,0,0,0,0
147,EMERGENCYSTATE_MODE_No,0,0,0,0,0,0,0,0,0,0,0,0
148,EMERGENCYSTATE_MODE_Yes,0,0,0,0,0,0,0,0,0,0,0,0
149,FONDKAPREMONT_MODE_not specified,0,1,0,0,0,0,3,1,0,1,0,1
150,FONDKAPREMONT_MODE_org spec account,0,0,0,2,0,0,0,1,0,1,0,0
151,FONDKAPREMONT_MODE_reg oper account,0,0,1,1,0,4,0,2,0,0,1,1
152,FONDKAPREMONT_MODE_reg oper spec account,0,1,0,1,0,0,7,0,0,2,0,0
153,HOUSETYPE_MODE_block of flats,0,0,0,0,1,0,1,0,0,0,0,1
154,HOUSETYPE_MODE_specific housing,0,0,0,1,0,0,1,1,0,0,0,0
155,HOUSETYPE_MODE_terraced house,0,0,0,0,0,0,0,0,0,0,0,0
156,NAME_CONTRACT_TYPE_Cash loans,0,0,1,1,0,6,5,3,0,2,1,2
157,NAME_CONTRACT_TYPE_Revolving loans,1,0,0,0,0,0,1,1,0,0,0,0
158,NAME_EDUCATION_TYPE_Academic degree,0,0,0,0,0,0,0,0,0,0,0,0
159,NAME_EDUCATION_TYPE_Higher education,1,0,1,4,0,0,0,2,0,0,0,1
160,NAME_EDUCATION_TYPE_Incomplete higher,0,0,0,1,0,0,0,0,0,0,0,0
161,NAME_EDUCATION_TYPE_Lower secondary,0,0,0,0,0,0,0,0,0,0,0,0
162,NAME_EDUCATION_TYPE_Secondary / secondary special,1,1,3,2,1,1,0,1,3,0,0,4
163,NAME_FAMILY_STATUS_Civil marriage,0,2,0,3,0,2,0,0,2,1,3,4
164,NAME_FAMILY_STATUS_Married,3,4,11,8,8,5,18,3,13,5,14,17
165,NAME_FAMILY_STATUS_Separated,0,2,2,0,0,0,1,0,1,0,0,0
166,NAME_FAMILY_STATUS_Single / not married,2,1,0,2,1,3,6,3,1,3,0,2
167,NAME_FAMILY_STATUS_Unknown,0,0,0,0,0,0,0,0,0,0,0,0
168,NAME_FAMILY_STATUS_Widow,0,3,3,1,0,2,0,2,6,0,1,2
169,NAME_HOUSING_TYPE_Co-op apartment,0,0,0,0,0,0,0,0,0,0,0,0
170,NAME_HOUSING_TYPE_House / apartment,1,1,1,3,1,9,6,3,2,0,0,1
171,NAME_HOUSING_TYPE_Municipal apartment,5,4,2,2,1,1,9,2,2,2,1,3
172,NAME_HOUSING_TYPE_Office apartment,0,4,5,14,0,23,13,2,10,11,2,7
173,NAME_HOUSING_TYPE_Rented apartment,6,2,3,1,0,10,3,5,6,2,5,2
174,NAME_HOUSING_TYPE_With parents,0,1,1,1,1,0,0,0,1,1,0,0
175,NAME_INCOME_TYPE_Businessman,0,0,0,0,0,0,0,0,0,0,0,0
176,NAME_INCOME_TYPE_Commercial associate,0,0,2,5,0,1,7,0,0,0,0,1
177,NAME_INCOME_TYPE_Maternity leave,0,0,0,0,0,0,0,0,0,0,0,0
178,NAME_INCOME_TYPE_Pensioner,0,0,0,0,0,0,0,0,0,0,0,0
179,NAME_INCOME_TYPE_State servant,1,0,1,2,0,3,2,1,2,0,1,3
180,NAME_INCOME_TYPE_Student,0,0,0,0,0,0,0,0,0,0,0,0
181,NAME_INCOME_TYPE_Unemployed,0,0,0,0,0,0,0,0,0,0,0,0
182,NAME_INCOME_TYPE_Working,1,5,5,3,0,4,8,11,4,5,3,3
183,NAME_TYPE_SUITE_Children,0,0,0,0,0,0,0,0,0,0,0,0
184,NAME_TYPE_SUITE_Family,3,4,2,17,5,7,11,3,10,10,2,4
185,NAME_TYPE_SUITE_Group of people,0,0,0,0,0,0,0,0,0,0,0,0
186,NAME_TYPE_SUITE_Other_A,0,0,0,0,0,0,0,0,0,0,0,0
187,NAME_TYPE_SUITE_Other_B,0,2,0,8,0,1,3,0,0,0,0,0
188,"NAME_TYPE_SUITE_Spouse, partner",0,1,2,0,0,2,1,0,0,0,1,0
189,NAME_TYPE_SUITE_Unaccompanied,1,7,7,20,7,6,7,5,1,7,8,11
190,OCCUPATION_TYPE_Accountants,0,0,0,1,0,0,1,0,0,0,0,0
191,OCCUPATION_TYPE_Cleaning staff,0,0,0,0,0,0,0,0,0,0,0,0
192,OCCUPATION_TYPE_Cooking staff,0,0,0,0,0,0,0,0,0,1,0,0
193,OCCUPATION_TYPE_Core staff,0,1,0,0,0,0,2,0,1,1,0,3
194,OCCUPATION_TYPE_Drivers,7,7,8,3,1,3,6,11,4,8,11,5
195,OCCUPATION_TYPE_HR staff,0,0,0,0,0,0,0,0,0,0,0,0
196,OCCUPATION_TYPE_High skill tech staff,3,3,3,15,9,3,15,5,4,3,1,3
197,OCCUPATION_TYPE_IT staff,0,0,0,0,0,0,0,0,0,0,0,0
198,OCCUPATION_TYPE_Laborers,0,0,2,5,1,3,3,2,3,2,0,2
199,OCCUPATION_TYPE_Low-skill Laborers,0,0,0,4,0,0,0,2,0,2,0,0
200,OCCUPATION_TYPE_Managers,3,5,14,3,3,4,8,18,7,6,22,3
201,OCCUPATION_TYPE_Medicine staff,0,0,0,0,0,0,0,0,0,2,0,0
202,OCCUPATION_TYPE_Private service staff,0,0,0,0,0,1,1,0,0,0,0,0
203,OCCUPATION_TYPE_Realty agents,0,0,0,0,0,0,0,0,0,0,0,0
204,OCCUPATION_TYPE_Sales staff,2,1,1,1,1,3,2,2,2,0,0,1
205,OCCUPATION_TYPE_Secretaries,0,0,0,0,0,0,0,0,0,0,0,0
206,OCCUPATION_TYPE_Security staff,0,0,0,0,0,0,0,0,0,0,0,0
207,OCCUPATION_TYPE_Waiters/barmen staff,0,0,0,1,0,1,0,0,0,0,0,0
208,ORGANIZATION_TYPE_Advertising,0,0,0,0,0,0,0,0,0,0,0,0
209,ORGANIZATION_TYPE_Agriculture,0,0,0,0,0,0,0,0,0,0,0,0
210,ORGANIZATION_TYPE_Bank,0,0,0,0,0,0,0,0,0,0,0,0
211,ORGANIZATION_TYPE_Business Entity Type 1,1,0,0,0,0,2,0,1,1,1,1,0
212,ORGANIZATION_TYPE_Business Entity Type 2,0,0,1,0,0,0,1,0,0,0,0,0
213,ORGANIZATION_TYPE_Business Entity Type 3,7,9,7,9,5,10,7,6,9,5,2,7
214,ORGANIZATION_TYPE_Cleaning,0,0,0,0,0,0,0,0,0,0,0,0
215,ORGANIZATION_TYPE_Construction,0,0,0,0,1,0,8,1,4,1,0,2
216,ORGANIZATION_TYPE_Culture,0,0,0,0,0,0,0,0,0,0,0,0
217,ORGANIZATION_TYPE_Electricity,0,0,0,0,0,0,0,0,0,0,0,0
218,ORGANIZATION_TYPE_Emergency,0,0,0,0,0,0,0,0,0,0,0,0
219,ORGANIZATION_TYPE_Government,1,1,4,1,3,0,1,4,5,1,2,1
220,ORGANIZATION_TYPE_Hotel,0,0,0,0,0,0,0,0,0,0,0,0
221,ORGANIZATION_TYPE_Housing,0,1,0,0,0,0,0,0,0,0,0,0
222,ORGANIZATION_TYPE_Industry: type 1,0,0,0,0,0,0,0,0,0,0,0,0
223,ORGANIZATION_TYPE_Industry: type 10,0,0,0,0,0,0,0,0,0,0,0,0
224,ORGANIZATION_TYPE_Industry: type 11,0,0,0,0,0,0,0,0,0,0,0,0
225,ORGANIZATION_TYPE_Industry: type 12,0,0,0,0,0,0,0,0,0,0,0,0
226,ORGANIZATION_TYPE_Industry: type 13,0,0,0,0,0,0,0,0,0,0,0,0
227,ORGANIZATION_TYPE_Industry: type 2,0,0,0,0,0,0,0,0,0,0,0,0
228,ORGANIZATION_TYPE_Industry: type 3,0,0,0,0,0,0,1,0,0,0,0,1
229,ORGANIZATION_TYPE_Industry: type 4,0,0,0,0,0,0,0,0,0,0,0,0
230,ORGANIZATION_TYPE_Industry: type 5,0,0,0,0,0,0,0,0,0,0,0,0
231,ORGANIZATION_TYPE_Industry: type 6,0,0,0,0,0,0,0,0,0,0,0,0
232,ORGANIZATION_TYPE_Industry: type 7,0,0,0,0,0,0,0,0,0,0,0,0
233,ORGANIZATION_TYPE_Industry: type 8,0,0,0,0,0,0,0,0,0,0,0,0
234,ORGANIZATION_TYPE_Industry: type 9,0,0,0,0,1,0,2,0,0,1,0,1
235,ORGANIZATION_TYPE_Insurance,0,0,0,0,0,0,0,0,0,0,0,0
236,ORGANIZATION_TYPE_Kindergarten,0,0,1,9,0,5,0,1,1,1,0,3
237,ORGANIZATION_TYPE_Legal Services,0,0,0,0,0,0,0,0,0,0,0,0
238,ORGANIZATION_TYPE_Medicine,3,0,0,4,1,2,2,0,1,0,0,2
239,ORGANIZATION_TYPE_Military,0,0,1,0,0,0,0,0,0,0,0,1
240,ORGANIZATION_TYPE_Mobile,0,0,0,0,0,0,0,0,0,0,0,0
241,ORGANIZATION_TYPE_Other,0,0,0,0,0,0,0,0,0,0,0,0
242,ORGANIZATION_TYPE_Police,0,0,0,0,0,0,1,0,0,1,0,0
243,ORGANIZATION_TYPE_Postal,0,0,0,0,0,0,0,0,0,0,0,0
244,ORGANIZATION_TYPE_Realtor,0,0,0,0,0,0,0,0,0,0,0,0
245,ORGANIZATION_TYPE_Religion,0,0,0,0,0,0,0,0,0,0,0,0
246,ORGANIZATION_TYPE_Restaurant,0,0,0,0,0,0,0,0,0,0,0,0
247,ORGANIZATION_TYPE_School,0,0,0,0,0,0,6,0,0,0,0,0
248,ORGANIZATION_TYPE_Security,0,0,0,0,0,0,0,0,0,0,0,0
249,ORGANIZATION_TYPE_Security Ministries,0,0,0,0,0,1,0,0,0,0,0,0
250,ORGANIZATION_TYPE_Self-employed,8,0,1,11,3,8,8,0,2,4,7,2
251,ORGANIZATION_TYPE_Services,0,0,0,0,0,0,0,0,0,0,0,0
252,ORGANIZATION_TYPE_Telecom,0,0,0,0,0,0,0,0,0,0,0,0
253,ORGANIZATION_TYPE_Trade: type 1,0,0,0,0,0,0,0,0,0,0,0,0
254,ORGANIZATION_TYPE_Trade: type 2,0,0,0,0,0,0,0,0,0,0,0,0
255,ORGANIZATION_TYPE_Trade: type 3,0,0,2,1,0,0,0,0,0,2,1,2
256,ORGANIZATION_TYPE_Trade: type 4,0,0,0,0,0,0,0,0,0,0,0,0
257,ORGANIZATION_TYPE_Trade: type 5,0,0,0,0,0,0,0,0,0,0,0,0
258,ORGANIZATION_TYPE_Trade: type 6,0,0,0,0,0,0,0,0,0,0,0,0
259,ORGANIZATION_TYPE_Trade: type 7,5,0,1,6,7,0,5,3,3,3,1,2
260,ORGANIZATION_TYPE_Transport: type 1,0,0,0,0,0,0,0,0,0,0,0,0
261,ORGANIZATION_TYPE_Transport: type 2,0,0,0,0,0,0,0,0,0,0,0,0
262,ORGANIZATION_TYPE_Transport: type 3,0,0,0,15,0,4,0,0,3,0,0,3
263,ORGANIZATION_TYPE_Transport: type 4,3,1,1,1,0,0,1,0,2,1,0,2
264,ORGANIZATION_TYPE_University,0,0,0,0,0,0,0,0,0,0,0,0
265,ORGANIZATION_TYPE_XNA,0,0,0,0,0,0,0,0,0,0,0,0
266,WALLSMATERIAL_MODE_Block,0,0,0,0,1,0,0,0,0,0,0,0
267,WALLSMATERIAL_MODE_Mixed,0,0,0,0,0,1,0,0,0,0,0,0
268,WALLSMATERIAL_MODE_Monolithic,0,0,0,0,0,0,0,0,0,0,0,0
269,WALLSMATERIAL_MODE_Others,0,0,0,0,0,0,3,0,0,0,0,1
270,WALLSMATERIAL_MODE_Panel,7,3,2,3,1,3,12,3,1,2,2,1
271,"WALLSMATERIAL_MODE_Stone, brick",19,7,8,16,19,18,15,22,5,2,14,16
272,WALLSMATERIAL_MODE_Wooden,0,0,0,0,0,0,0,0,0,0,0,0
273,WEEKDAY_APPR_PROCESS_START_FRIDAY,3,1,3,1,1,7,1,1,2,2,3,2
274,WEEKDAY_APPR_PROCESS_START_MONDAY,7,5,6,8,16,8,9,3,8,12,12,2
275,WEEKDAY_APPR_PROCESS_START_SATURDAY,1,3,4,3,3,2,0,3,2,1,3,5
276,WEEKDAY_APPR_PROCESS_START_SUNDAY,0,0,0,0,0,1,2,0,2,0,0,2
277,WEEKDAY_APPR_PROCESS_START_THURSDAY,3,1,0,3,1,1,3,0,0,1,0,1
278,WEEKDAY_APPR_PROCESS_START_TUESDAY,5,2,1,5,1,1,2,3,1,8,1,5
279,WEEKDAY_APPR_PROCESS_START_WEDNESDAY,2,2,0,3,0,3,7,2,4,1,3,6
280,12_credditcard_CC_MONTHS_BALANCE_MIN,0,0,0,1,0,1,3,1,0,0,1,0
281,12_credditcard_CC_MONTHS_BALANCE_MAX,0,3,2,2,0,3,0,0,1,3,3,0
282,12_credditcard_CC_MONTHS_BALANCE_MEAN,4,1,2,7,1,4,4,4,3,3,2,5
283,12_credditcard_CC_MONTHS_BALANCE_SUM,2,11,2,3,5,4,11,4,4,8,2,12
284,12_credditcard_CC_MONTHS_BALANCE_VAR,4,4,11,9,9,11,11,7,6,12,7,4
285,12_credditcard_CC_AMT_BALANCE_MIN,4,3,4,7,6,7,7,6,6,2,5,7
286,12_credditcard_CC_AMT_BALANCE_MAX,5,5,6,6,2,4,10,4,2,6,3,6
287,12_credditcard_CC_AMT_BALANCE_MEAN,1,3,2,4,6,6,2,2,1,5,2,6
288,12_credditcard_CC_AMT_BALANCE_SUM,4,9,3,7,7,6,13,9,2,9,9,9
289,12_credditcard_CC_AMT_BALANCE_VAR,8,5,7,21,8,15,15,9,11,4,6,9
290,12_credditcard_CC_AMT_CREDIT_LIMIT_ACTUAL_MIN,2,11,1,14,6,9,13,9,13,14,6,15
291,12_credditcard_CC_AMT_CREDIT_LIMIT_ACTUAL_MAX,5,4,1,7,5,7,6,6,10,10,7,8
292,12_credditcard_CC_AMT_CREDIT_LIMIT_ACTUAL_MEAN,12,18,21,19,13,19,26,9,17,13,11,26
293,12_credditcard_CC_AMT_CREDIT_LIMIT_ACTUAL_SUM,7,8,10,19,9,16,25,24,17,23,16,24
294,12_credditcard_CC_AMT_CREDIT_LIMIT_ACTUAL_VAR,16,20,18,10,18,20,34,17,17,19,16,13
295,12_credditcard_CC_AMT_DRAWINGS_ATM_CURRENT_MIN,0,0,0,0,0,0,0,0,0,0,0,0
296,12_credditcard_CC_AMT_DRAWINGS_ATM_CURRENT_MAX,35,40,19,26,19,28,22,29,22,34,9,23
297,12_credditcard_CC_AMT_DRAWINGS_ATM_CURRENT_MEAN,12,18,8,12,7,11,17,11,13,13,12,18
298,12_credditcard_CC_AMT_DRAWINGS_ATM_CURRENT_SUM,19,25,9,25,20,18,22,15,21,21,17,7
299,12_credditcard_CC_AMT_DRAWINGS_ATM_CURRENT_VAR,15,18,16,13,15,14,18,15,10,17,11,14
300,12_credditcard_CC_AMT_DRAWINGS_CURRENT_MIN,0,0,0,1,0,0,1,0,0,0,0,2
301,12_credditcard_CC_AMT_DRAWINGS_CURRENT_MAX,19,55,30,37,33,37,35,27,29,38,23,17
302,12_credditcard_CC_AMT_DRAWINGS_CURRENT_MEAN,11,6,4,5,1,5,7,7,4,6,6,7
303,12_credditcard_CC_AMT_DRAWINGS_CURRENT_SUM,16,8,9,18,7,5,18,8,17,6,21,11
304,12_credditcard_CC_AMT_DRAWINGS_CURRENT_VAR,10,9,6,12,10,9,16,2,7,4,4,7
305,12_credditcard_CC_AMT_DRAWINGS_OTHER_CURRENT_MIN,0,0,0,0,0,0,0,0,0,0,0,0
306,12_credditcard_CC_AMT_DRAWINGS_OTHER_CURRENT_MAX,1,0,0,4,1,4,2,0,0,0,1,1
307,12_credditcard_CC_AMT_DRAWINGS_OTHER_CURRENT_MEAN,0,0,0,0,0,0,0,0,0,1,0,0
308,12_credditcard_CC_AMT_DRAWINGS_OTHER_CURRENT_SUM,6,0,1,4,0,1,13,0,0,3,1,0
309,12_credditcard_CC_AMT_DRAWINGS_OTHER_CURRENT_VAR,3,0,0,4,0,1,0,0,0,0,0,0
310,12_credditcard_CC_AMT_DRAWINGS_POS_CURRENT_MIN,0,3,1,2,1,0,3,0,1,2,1,2
311,12_credditcard_CC_AMT_DRAWINGS_POS_CURRENT_MAX,9,7,7,4,6,8,6,2,7,6,10,3
312,12_credditcard_CC_AMT_DRAWINGS_POS_CURRENT_MEAN,8,4,7,2,9,9,9,7,7,6,9,5
313,12_credditcard_CC_AMT_DRAWINGS_POS_CURRENT_SUM,4,5,5,4,4,11,14,2,9,2,1,7
314,12_credditcard_CC_AMT_DRAWINGS_POS_CURRENT_VAR,3,2,4,2,3,4,15,4,4,3,4,3
315,12_credditcard_CC_AMT_INST_MIN_REGULARITY_MIN,6,6,3,5,1,7,5,5,3,5,1,6
316,12_credditcard_CC_AMT_INST_MIN_REGULARITY_MAX,12,5,3,9,7,6,10,8,6,6,4,10
317,12_credditcard_CC_AMT_INST_MIN_REGULARITY_MEAN,3,2,3,4,5,11,7,2,3,2,10,2
318,12_credditcard_CC_AMT_INST_MIN_REGULARITY_SUM,7,5,6,12,6,11,8,12,3,3,7,11
319,12_credditcard_CC_AMT_INST_MIN_REGULARITY_VAR,10,13,9,14,6,5,24,16,4,10,11,11
320,12_credditcard_CC_AMT_PAYMENT_CURRENT_MIN,57,64,54,64,63,70,91,52,51,59,79,86
321,12_credditcard_CC_AMT_PAYMENT_CURRENT_MAX,5,13,10,10,5,9,25,6,10,10,1,12
322,12_credditcard_CC_AMT_PAYMENT_CURRENT_MEAN,13,6,18,13,15,24,22,20,14,8,17,13
323,12_credditcard_CC_AMT_PAYMENT_CURRENT_SUM,11,8,14,17,10,11,15,11,8,11,15,17
324,12_credditcard_CC_AMT_PAYMENT_CURRENT_VAR,5,9,6,14,9,19,13,10,10,7,9,12
325,12_credditcard_CC_AMT_PAYMENT_TOTAL_CURRENT_MIN,3,6,4,8,3,6,11,5,3,1,6,6
326,12_credditcard_CC_AMT_PAYMENT_TOTAL_CURRENT_MAX,9,9,9,13,13,8,19,13,3,10,8,7
327,12_credditcard_CC_AMT_PAYMENT_TOTAL_CURRENT_MEAN,32,43,40,54,43,34,44,68,38,41,46,39
328,12_credditcard_CC_AMT_PAYMENT_TOTAL_CURRENT_SUM,7,5,14,11,9,8,17,5,14,21,17,16
329,12_credditcard_CC_AMT_PAYMENT_TOTAL_CURRENT_VAR,40,27,27,24,16,35,57,20,17,33,38,29
330,12_credditcard_CC_AMT_RECEIVABLE_PRINCIPAL_MIN,1,10,4,5,11,8,9,2,5,2,8,11
331,12_credditcard_CC_AMT_RECEIVABLE_PRINCIPAL_MAX,3,7,9,9,8,9,18,10,9,13,5,3
332,12_credditcard_CC_AMT_RECEIVABLE_PRINCIPAL_MEAN,4,3,4,1,7,1,4,3,8,5,3,3
333,12_credditcard_CC_AMT_RECEIVABLE_PRINCIPAL_SUM,4,8,2,4,4,9,16,11,4,1,1,14
334,12_credditcard_CC_AMT_RECEIVABLE_PRINCIPAL_VAR,10,14,13,15,9,12,8,8,10,9,6,9
335,12_credditcard_CC_AMT_RECIVABLE_MIN,8,5,13,6,4,2,3,2,3,5,8,2
336,12_credditcard_CC_AMT_RECIVABLE_MAX,2,4,2,2,1,4,2,2,4,3,2,3
337,12_credditcard_CC_AMT_RECIVABLE_MEAN,2,3,2,0,2,4,4,0,3,2,1,2
338,12_credditcard_CC_AMT_RECIVABLE_SUM,4,8,7,4,14,3,10,7,4,3,4,1
339,12_credditcard_CC_AMT_RECIVABLE_VAR,9,13,14,15,3,11,10,4,10,4,7,3
340,12_credditcard_CC_AMT_TOTAL_RECEIVABLE_MIN,0,0,3,0,0,0,2,0,2,0,4,0
341,12_credditcard_CC_AMT_TOTAL_RECEIVABLE_MAX,0,0,1,0,0,0,0,0,0,0,0,0
342,12_credditcard_CC_AMT_TOTAL_RECEIVABLE_MEAN,0,0,1,1,1,0,0,0,0,0,0,0
343,12_credditcard_CC_AMT_TOTAL_RECEIVABLE_SUM,0,2,0,2,0,0,1,0,0,0,3,0
344,12_credditcard_CC_AMT_TOTAL_RECEIVABLE_VAR,0,1,0,0,1,1,1,0,0,0,0,1
345,12_credditcard_CC_CNT_DRAWINGS_ATM_CURRENT_MIN,0,0,0,0,0,0,0,0,0,0,0,0
346,12_credditcard_CC_CNT_DRAWINGS_ATM_CURRENT_MAX,5,2,0,1,4,1,2,0,4,0,1,5
347,12_credditcard_CC_CNT_DRAWINGS_ATM_CURRENT_MEAN,9,5,2,10,8,10,10,8,6,9,7,12
348,12_credditcard_CC_CNT_DRAWINGS_ATM_CURRENT_SUM,3,3,3,3,9,5,13,6,2,7,7,7
349,12_credditcard_CC_CNT_DRAWINGS_ATM_CURRENT_VAR,6,9,10,15,20,12,26,9,13,11,9,6
350,12_credditcard_CC_CNT_DRAWINGS_CURRENT_MIN,0,0,0,0,0,0,1,0,0,0,0,0
351,12_credditcard_CC_CNT_DRAWINGS_CURRENT_MAX,17,14,22,23,17,22,24,24,35,16,27,21
352,12_credditcard_CC_CNT_DRAWINGS_CURRENT_MEAN,6,5,3,8,1,5,10,8,4,9,8,7
353,12_credditcard_CC_CNT_DRAWINGS_CURRENT_SUM,1,6,8,10,11,10,12,8,9,8,13,7
354,12_credditcard_CC_CNT_DRAWINGS_CURRENT_VAR,18,4,27,16,19,17,45,20,15,20,21,19
355,12_credditcard_CC_CNT_DRAWINGS_OTHER_CURRENT_MIN,0,0,0,0,0,0,0,0,0,0,0,0
356,12_credditcard_CC_CNT_DRAWINGS_OTHER_CURRENT_MAX,0,0,0,0,0,0,0,0,0,0,1,0
357,12_credditcard_CC_CNT_DRAWINGS_OTHER_CURRENT_MEAN,0,0,0,0,0,0,0,0,0,0,0,0
358,12_credditcard_CC_CNT_DRAWINGS_OTHER_CURRENT_SUM,0,0,0,0,0,0,0,0,0,0,0,0
359,12_credditcard_CC_CNT_DRAWINGS_OTHER_CURRENT_VAR,0,0,0,0,0,0,0,0,0,0,0,0
360,12_credditcard_CC_CNT_DRAWINGS_POS_CURRENT_MIN,0,0,0,3,0,0,0,0,0,0,0,0
361,12_credditcard_CC_CNT_DRAWINGS_POS_CURRENT_MAX,8,3,10,11,6,10,22,5,14,9,8,15
362,12_credditcard_CC_CNT_DRAWINGS_POS_CURRENT_MEAN,5,4,10,9,0,6,15,6,7,8,6,12
363,12_credditcard_CC_CNT_DRAWINGS_POS_CURRENT_SUM,5,3,5,6,0,5,8,1,6,2,2,4
364,12_credditcard_CC_CNT_DRAWINGS_POS_CURRENT_VAR,15,7,18,21,11,14,16,14,8,16,27,15
365,12_credditcard_CC_CNT_INSTALMENT_MATURE_CUM_MIN,3,4,4,7,4,8,4,4,12,3,2,4
366,12_credditcard_CC_CNT_INSTALMENT_MATURE_CUM_MAX,2,3,4,8,1,3,12,2,4,5,3,5
367,12_credditcard_CC_CNT_INSTALMENT_MATURE_CUM_MEAN,10,5,9,13,6,17,13,8,18,11,10,11
368,12_credditcard_CC_CNT_INSTALMENT_MATURE_CUM_SUM,7,10,8,12,5,7,14,4,14,12,8,14
369,12_credditcard_CC_CNT_INSTALMENT_MATURE_CUM_VAR,5,9,5,8,6,6,19,10,11,8,9,7
370,12_credditcard_CC_SK_DPD_MIN,0,0,0,0,0,0,0,0,0,0,0,0
371,12_credditcard_CC_SK_DPD_MAX,0,1,0,1,0,0,1,0,1,0,0,0
372,12_credditcard_CC_SK_DPD_MEAN,0,0,0,1,0,1,2,0,0,0,0,0
373,12_credditcard_CC_SK_DPD_SUM,0,0,0,1,0,2,0,1,0,0,0,0
374,12_credditcard_CC_SK_DPD_VAR,0,0,0,1,0,1,0,0,0,0,0,1
375,12_credditcard_CC_SK_DPD_DEF_MIN,0,0,0,0,0,0,0,0,0,0,0,0
376,12_credditcard_CC_SK_DPD_DEF_MAX,0,0,0,0,0,0,0,0,0,0,0,0
377,12_credditcard_CC_SK_DPD_DEF_MEAN,6,5,21,28,5,26,32,5,20,3,2,9
378,12_credditcard_CC_SK_DPD_DEF_SUM,0,0,1,1,0,1,1,0,3,0,0,0
379,12_credditcard_CC_SK_DPD_DEF_VAR,0,0,1,1,0,3,1,1,1,0,0,1
380,12_credditcard_CC_NAME_CONTRACT_STATUS_Active_MIN,0,0,0,0,0,0,1,1,0,0,1,0
381,12_credditcard_CC_NAME_CONTRACT_STATUS_Active_MAX,0,0,0,0,0,0,0,0,0,0,0,0
382,12_credditcard_CC_NAME_CONTRACT_STATUS_Active_MEAN,0,0,2,0,0,2,2,1,0,2,0,0
383,12_credditcard_CC_NAME_CONTRACT_STATUS_Active_SUM,10,31,19,18,12,25,26,12,3,8,14,13
384,12_credditcard_CC_NAME_CONTRACT_STATUS_Active_VAR,2,1,1,3,0,1,0,1,1,2,3,2
385,12_credditcard_CC_NAME_CONTRACT_STATUS_Completed_MIN,0,0,0,0,0,0,0,0,0,0,0,0
386,12_credditcard_CC_NAME_CONTRACT_STATUS_Completed_MAX,0,0,0,0,0,0,0,1,0,0,0,0
387,12_credditcard_CC_NAME_CONTRACT_STATUS_Completed_MEAN,0,0,1,0,2,1,2,0,0,1,1,1
388,12_credditcard_CC_NAME_CONTRACT_STATUS_Completed_SUM,0,0,1,0,0,1,0,0,0,0,0,1
389,12_credditcard_CC_NAME_CONTRACT_STATUS_Completed_VAR,1,1,2,3,1,0,0,0,0,1,0,1
390,12_credditcard_CC_NAME_CONTRACT_STATUS_Demand_MIN,0,0,0,0,0,0,0,0,0,0,0,0
391,12_credditcard_CC_NAME_CONTRACT_STATUS_Demand_MAX,0,0,0,0,0,0,0,0,0,0,0,0
392,12_credditcard_CC_NAME_CONTRACT_STATUS_Demand_MEAN,0,0,0,0,0,0,0,0,0,0,0,0
393,12_credditcard_CC_NAME_CONTRACT_STATUS_Demand_SUM,0,0,0,0,0,0,0,0,0,0,0,0
394,12_credditcard_CC_NAME_CONTRACT_STATUS_Demand_VAR,0,0,0,0,0,0,0,0,0,0,0,0
395,12_credditcard_CC_NAME_CONTRACT_STATUS_Signed_MIN,0,0,0,0,0,0,0,0,0,0,0,0
396,12_credditcard_CC_NAME_CONTRACT_STATUS_Signed_MAX,0,0,0,0,0,0,0,0,0,0,0,0
397,12_credditcard_CC_NAME_CONTRACT_STATUS_Signed_MEAN,0,0,0,0,0,0,0,0,0,0,0,0
398,12_credditcard_CC_NAME_CONTRACT_STATUS_Signed_SUM,0,0,0,0,0,0,0,0,0,0,0,0
399,12_credditcard_CC_NAME_CONTRACT_STATUS_Signed_VAR,0,0,0,1,0,0,0,0,0,0,0,0
400,12_credditcard_CC_NAME_CONTRACT_STATUS_nan_MIN,0,0,0,0,0,0,0,0,0,0,0,0
401,12_credditcard_CC_NAME_CONTRACT_STATUS_nan_MAX,0,0,0,0,0,0,0,0,0,0,0,0
402,12_credditcard_CC_NAME_CONTRACT_STATUS_nan_MEAN,0,0,0,0,0,0,0,0,0,0,0,0
403,12_credditcard_CC_NAME_CONTRACT_STATUS_nan_SUM,0,0,0,0,0,0,0,0,0,0,0,0
404,12_credditcard_CC_NAME_CONTRACT_STATUS_nan_VAR,0,0,0,0,0,0,0,0,0,0,0,0
405,12_credditcard_CC_COUNT,3,7,1,0,0,5,2,0,0,1,0,0
406,12_poscash_POS_MONTHS_BALANCE_MAX,4,4,12,15,6,9,12,5,2,12,7,9
407,12_poscash_POS_MONTHS_BALANCE_MEAN,49,48,55,64,38,69,61,53,54,58,41,60
408,12_poscash_POS_MONTHS_BALANCE_SUM,60,45,69,80,81,83,97,83,72,86,66,84
409,12_poscash_POS_MONTHS_BALANCE_MIN,17,7,2,9,2,9,8,12,7,7,5,4
410,12_poscash_POS_MONTHS_BALANCE_VAR,45,34,39,78,42,73,97,42,42,58,34,73
411,12_poscash_POS_MONTHS_BALANCE_COUNT,15,11,11,22,12,22,27,16,18,19,17,21
412,12_poscash_POS_SK_DPD_MAX,1,2,3,0,2,5,2,1,1,0,2,2
413,12_poscash_POS_SK_DPD_MEAN,12,22,9,18,6,10,9,3,5,8,11,18
414,12_poscash_POS_SK_DPD_SUM,0,2,0,3,1,3,1,2,0,1,3,2
415,12_poscash_POS_SK_DPD_MIN,0,0,0,0,0,0,0,0,0,0,0,0
416,12_poscash_POS_SK_DPD_VAR,10,4,6,4,6,11,17,4,5,6,8,4
417,12_poscash_POS_SK_DPD_COUNT,0,0,1,1,0,2,5,0,1,0,0,3
418,12_poscash_POS_SK_DPD_DEF_MAX,1,1,1,0,2,4,2,3,0,5,2,0
419,12_poscash_POS_SK_DPD_DEF_MEAN,7,8,5,17,14,14,9,11,2,7,9,12
420,12_poscash_POS_SK_DPD_DEF_SUM,0,9,2,1,2,1,0,2,0,1,6,3
421,12_poscash_POS_SK_DPD_DEF_MIN,0,0,0,0,0,0,0,0,0,0,0,0
422,12_poscash_POS_SK_DPD_DEF_VAR,13,26,13,19,10,12,25,5,12,25,16,8
423,12_poscash_POS_SK_DPD_DEF_COUNT,0,1,0,0,0,0,1,0,0,1,0,0
424,12_poscash_POS_CNT_INSTALMENT_FUTURE_MAX,31,30,27,38,29,47,45,36,34,35,41,37
425,12_poscash_POS_CNT_INSTALMENT_FUTURE_MEAN,87,67,88,133,93,130,123,101,112,93,71,92
426,12_poscash_POS_CNT_INSTALMENT_FUTURE_SUM,86,110,128,131,139,118,197,113,113,125,126,147
427,12_poscash_POS_CNT_INSTALMENT_FUTURE_MIN,31,38,36,41,40,56,68,35,39,28,25,48
428,12_poscash_POS_CNT_INSTALMENT_FUTURE_VAR,57,70,67,127,74,90,107,68,70,93,85,101
429,12_poscash_POS_CNT_INSTALMENT_FUTURE_COUNT,19,8,21,18,7,16,30,12,13,15,10,30
430,12_poscash_POS_NAME_CONTRACT_STATUS_Active_MEAN,26,26,25,34,28,41,55,28,41,52,30,42
431,12_poscash_POS_NAME_CONTRACT_STATUS_Amortized debt_MEAN,0,0,0,0,0,0,0,0,0,0,0,0
432,12_poscash_POS_NAME_CONTRACT_STATUS_Approved_MEAN,0,0,0,1,0,1,0,0,0,0,0,0
433,12_poscash_POS_NAME_CONTRACT_STATUS_Canceled_MEAN,0,0,0,0,0,0,0,0,0,0,0,0
434,12_poscash_POS_NAME_CONTRACT_STATUS_Completed_MEAN,24,15,25,25,26,25,34,18,15,25,25,33
435,12_poscash_POS_NAME_CONTRACT_STATUS_Demand_MEAN,0,0,0,0,0,0,0,0,0,0,0,0
436,12_poscash_POS_NAME_CONTRACT_STATUS_Returned to the store_MEAN,4,6,9,8,16,23,23,7,8,6,18,4
437,12_poscash_POS_NAME_CONTRACT_STATUS_Signed_MEAN,3,2,1,3,0,2,5,0,1,2,2,3
438,12_poscash_POS_NAME_CONTRACT_STATUS_nan_MEAN,0,0,0,0,0,0,0,0,0,0,0,0
439,12_poscash_POS_COUNT,0,0,0,0,0,0,0,0,0,0,0,0
440,360_instpay_INSTAL_NUM_INSTALMENT_VERSION_NUNIQUE,11,11,7,14,13,25,28,12,16,7,22,12
441,360_instpay_INSTAL_NUM_INSTALMENT_VERSION_COUNT,8,9,9,12,6,14,18,9,14,15,9,17
442,360_instpay_INSTAL_DPD_MAX,16,8,12,13,13,12,14,12,15,21,11,29
443,360_instpay_INSTAL_DPD_MEAN,58,24,28,51,28,29,76,31,22,19,23,59
444,360_instpay_INSTAL_DPD_SUM,17,8,10,14,9,29,21,21,13,14,14,21
445,360_instpay_INSTAL_DPD_MIN,0,0,0,0,0,0,0,0,0,0,0,0
446,360_instpay_INSTAL_DPD_VAR,34,19,23,42,32,43,40,26,23,36,26,40
447,360_instpay_INSTAL_DPD_COUNT,1,2,0,0,0,0,0,0,0,0,0,1
448,360_instpay_INSTAL_DBD_MAX,35,30,41,35,28,63,92,34,43,58,35,61
449,360_instpay_INSTAL_DBD_MEAN,50,65,69,82,36,83,113,60,60,80,65,68
450,360_instpay_INSTAL_DBD_SUM,79,69,61,99,75,124,157,59,106,88,77,90
451,360_instpay_INSTAL_DBD_MIN,40,21,28,48,35,52,64,25,45,41,41,51
452,360_instpay_INSTAL_DBD_VAR,64,55,51,88,65,95,147,58,72,71,67,75
453,360_instpay_INSTAL_DBD_COUNT,0,0,0,0,0,0,0,0,0,0,0,0
454,360_instpay_INSTAL_PAYMENT_PERC_MAX,0,0,1,4,1,6,5,1,2,3,0,0
455,360_instpay_INSTAL_PAYMENT_PERC_MEAN,10,5,20,14,14,20,33,14,14,15,7,21
456,360_instpay_INSTAL_PAYMENT_PERC_SUM,30,33,33,45,30,53,65,24,24,26,45,32
457,360_instpay_INSTAL_PAYMENT_PERC_MIN,97,87,95,122,79,112,126,84,84,106,90,109
458,360_instpay_INSTAL_PAYMENT_PERC_VAR,15,19,23,23,13,27,46,18,14,17,22,20
459,360_instpay_INSTAL_PAYMENT_PERC_COUNT,3,2,3,5,2,5,7,4,7,4,1,5
460,360_instpay_INSTAL_PAYMENT_DIFF_MAX,11,19,18,32,21,28,19,13,19,24,23,22
461,360_instpay_INSTAL_PAYMENT_DIFF_MEAN,16,20,20,25,15,25,31,26,12,12,15,21
462,360_instpay_INSTAL_PAYMENT_DIFF_SUM,35,31,35,39,11,34,51,20,18,30,17,33
463,360_instpay_INSTAL_PAYMENT_DIFF_MIN,5,13,6,17,3,11,45,10,11,4,8,13
464,360_instpay_INSTAL_PAYMENT_DIFF_VAR,64,52,43,59,33,85,73,70,68,63,53,52
465,360_instpay_INSTAL_PAYMENT_DIFF_COUNT,0,1,1,0,0,2,1,0,0,0,0,0
466,360_instpay_INSTAL_AMT_INSTALMENT_MAX,33,30,35,49,36,43,59,40,40,34,26,50
467,360_instpay_INSTAL_AMT_INSTALMENT_MEAN,38,46,49,52,36,45,72,46,63,42,44,44
468,360_instpay_INSTAL_AMT_INSTALMENT_SUM,48,47,39,69,41,54,85,61,69,58,45,54
469,360_instpay_INSTAL_AMT_INSTALMENT_MIN,52,55,44,80,46,73,105,62,47,65,37,73
470,360_instpay_INSTAL_AMT_INSTALMENT_VAR,40,36,44,60,44,76,67,29,53,48,58,48
471,360_instpay_INSTAL_AMT_INSTALMENT_COUNT,0,0,0,0,0,0,0,0,0,0,0,0
472,360_instpay_INSTAL_AMT_PAYMENT_MAX,44,27,35,71,44,45,85,40,56,43,51,56
473,360_instpay_INSTAL_AMT_PAYMENT_MEAN,29,39,46,51,27,46,68,39,40,38,34,56
474,360_instpay_INSTAL_AMT_PAYMENT_SUM,49,54,45,76,54,71,105,63,52,57,37,46
475,360_instpay_INSTAL_AMT_PAYMENT_MIN,39,30,43,56,45,60,71,37,42,39,25,56
476,360_instpay_INSTAL_AMT_PAYMENT_VAR,30,39,34,55,43,51,80,41,42,30,32,53
477,360_instpay_INSTAL_AMT_PAYMENT_COUNT,0,0,0,0,0,0,0,0,0,0,0,0
478,360_instpay_INSTAL_DAYS_ENTRY_PAYMENT_MAX,52,99,62,87,47,87,112,55,49,66,59,85
479,360_instpay_INSTAL_DAYS_ENTRY_PAYMENT_MEAN,50,58,73,80,50,96,110,45,41,54,65,86
480,360_instpay_INSTAL_DAYS_ENTRY_PAYMENT_SUM,50,56,45,89,49,73,90,32,49,53,57,75
481,360_instpay_INSTAL_DAYS_ENTRY_PAYMENT_MIN,46,62,48,99,50,83,120,52,54,63,60,72
482,360_instpay_INSTAL_DAYS_ENTRY_PAYMENT_VAR,52,77,85,113,68,100,146,79,71,95,79,106
483,360_instpay_INSTAL_DAYS_ENTRY_PAYMENT_COUNT,0,0,0,0,0,0,0,0,0,0,0,0
484,360_instpay_INSTAL_COUNT,0,0,0,0,0,0,0,0,0,0,0,0
485,360_prevapp_PREV_AMT_ANNUITY_MAX,36,30,33,52,29,43,58,26,34,59,26,36
486,360_prevapp_PREV_AMT_ANNUITY_MEAN,17,32,29,34,24,29,37,22,24,34,25,32
487,360_prevapp_PREV_AMT_ANNUITY_SUM,31,26,34,47,28,32,56,25,39,42,30,31
488,360_prevapp_PREV_AMT_ANNUITY_MIN,45,34,47,49,33,53,90,49,50,68,50,38
489,360_prevapp_PREV_AMT_ANNUITY_VAR,22,13,18,33,21,18,33,12,25,34,10,14
490,360_prevapp_PREV_AMT_ANNUITY_COUNT,0,0,0,0,0,0,0,0,0,0,0,0
491,360_prevapp_PREV_AMT_APPLICATION_MAX,12,8,6,27,15,18,25,18,10,15,12,19
492,360_prevapp_PREV_AMT_APPLICATION_MEAN,12,8,24,18,12,21,29,14,13,18,7,10
493,360_prevapp_PREV_AMT_APPLICATION_SUM,13,21,22,30,20,41,49,33,27,22,28,26
494,360_prevapp_PREV_AMT_APPLICATION_MIN,16,11,19,21,11,18,40,17,22,26,18,30
495,360_prevapp_PREV_AMT_APPLICATION_VAR,25,26,20,17,14,24,34,29,29,30,35,30
496,360_prevapp_PREV_AMT_APPLICATION_COUNT,0,0,0,0,0,0,0,0,0,0,0,0
497,360_prevapp_PREV_AMT_CREDIT_MAX,21,14,10,39,18,24,28,17,7,25,14,17
498,360_prevapp_PREV_AMT_CREDIT_MEAN,18,18,20,24,21,27,32,14,28,24,20,33
499,360_prevapp_PREV_AMT_CREDIT_SUM,31,35,28,53,16,45,39,43,29,29,26,43
500,360_prevapp_PREV_AMT_CREDIT_MIN,11,13,23,28,15,22,39,11,21,12,16,26
501,360_prevapp_PREV_AMT_CREDIT_VAR,20,29,32,26,20,14,31,27,22,30,22,16
502,360_prevapp_PREV_AMT_CREDIT_COUNT,0,0,0,0,0,0,0,0,0,0,0,0
503,360_prevapp_PREV_APP_CREDIT_PERC_MAX,18,25,17,48,16,16,43,13,30,27,16,24
504,360_prevapp_PREV_APP_CREDIT_PERC_MEAN,68,48,51,82,35,50,67,49,82,39,45,53
505,360_prevapp_PREV_APP_CREDIT_PERC_SUM,21,16,12,41,28,23,17,14,28,18,25,37
506,360_prevapp_PREV_APP_CREDIT_PERC_MIN,35,40,33,53,35,72,63,30,23,53,30,53
507,360_prevapp_PREV_APP_CREDIT_PERC_VAR,26,25,35,39,30,38,32,10,25,34,25,19
508,360_prevapp_PREV_APP_CREDIT_PERC_COUNT,0,0,0,0,0,0,0,0,0,0,0,0
509,360_prevapp_PREV_AMT_DOWN_PAYMENT_MAX,11,10,7,11,4,14,11,7,23,13,6,10
510,360_prevapp_PREV_AMT_DOWN_PAYMENT_MEAN,12,12,10,12,2,11,4,8,12,14,5,11
511,360_prevapp_PREV_AMT_DOWN_PAYMENT_SUM,0,4,0,2,1,5,13,3,4,5,5,3
512,360_prevapp_PREV_AMT_DOWN_PAYMENT_MIN,6,4,0,12,4,10,22,4,4,10,8,6
513,360_prevapp_PREV_AMT_DOWN_PAYMENT_VAR,0,2,0,0,0,1,9,1,1,3,0,1
514,360_prevapp_PREV_AMT_DOWN_PAYMENT_COUNT,4,1,0,0,0,2,2,0,0,1,1,0
515,360_prevapp_PREV_AMT_GOODS_PRICE_MAX,11,6,5,9,4,6,5,6,8,6,6,5
516,360_prevapp_PREV_AMT_GOODS_PRICE_MEAN,8,19,22,23,13,33,48,24,28,18,20,24
517,360_prevapp_PREV_AMT_GOODS_PRICE_SUM,2,3,0,5,1,3,1,1,1,2,0,4
518,360_prevapp_PREV_AMT_GOODS_PRICE_MIN,20,9,23,21,18,28,48,19,27,21,26,21
519,360_prevapp_PREV_AMT_GOODS_PRICE_VAR,22,22,27,31,26,27,20,24,18,22,16,37
520,360_prevapp_PREV_AMT_GOODS_PRICE_COUNT,0,0,0,0,0,0,0,0,0,0,0,0
521,360_prevapp_PREV_HOUR_APPR_PROCESS_START_MAX,3,6,13,9,4,9,14,6,6,6,8,2
522,360_prevapp_PREV_HOUR_APPR_PROCESS_START_MEAN,8,25,10,18,18,17,29,18,15,15,13,18
523,360_prevapp_PREV_HOUR_APPR_PROCESS_START_SUM,14,16,17,17,19,14,22,4,16,12,11,28
524,360_prevapp_PREV_HOUR_APPR_PROCESS_START_MIN,28,30,24,24,8,25,32,18,31,20,23,37
525,360_prevapp_PREV_HOUR_APPR_PROCESS_START_VAR,9,6,14,10,8,9,10,3,8,5,5,6
526,360_prevapp_PREV_HOUR_APPR_PROCESS_START_COUNT,0,0,0,0,0,0,0,0,0,0,0,0
527,360_prevapp_PREV_RATE_DOWN_PAYMENT_MAX,14,15,13,26,11,28,24,23,21,18,10,14
528,360_prevapp_PREV_RATE_DOWN_PAYMENT_MEAN,19,15,17,22,19,20,29,17,15,21,12,13
529,360_prevapp_PREV_RATE_DOWN_PAYMENT_SUM,9,7,16,19,5,12,14,12,7,14,8,12
530,360_prevapp_PREV_RATE_DOWN_PAYMENT_MIN,5,2,7,7,6,4,14,4,3,2,8,6
531,360_prevapp_PREV_RATE_DOWN_PAYMENT_VAR,4,3,1,3,0,2,6,1,1,3,1,1
532,360_prevapp_PREV_RATE_DOWN_PAYMENT_COUNT,0,0,0,0,0,0,0,0,0,0,0,0
533,360_prevapp_PREV_DAYS_DECISION_MAX,25,25,38,43,26,44,84,27,52,29,28,43
534,360_prevapp_PREV_DAYS_DECISION_MEAN,24,25,34,35,21,32,52,18,20,22,18,28
535,360_prevapp_PREV_DAYS_DECISION_SUM,16,23,22,33,30,46,38,16,16,22,19,27
536,360_prevapp_PREV_DAYS_DECISION_MIN,24,45,57,59,40,37,88,45,45,42,42,66
537,360_prevapp_PREV_DAYS_DECISION_VAR,25,20,31,43,22,42,50,36,41,22,25,30
538,360_prevapp_PREV_DAYS_DECISION_COUNT,0,0,0,0,0,0,0,0,0,0,0,0
539,360_prevapp_PREV_CNT_PAYMENT_MAX,7,3,4,8,3,8,10,5,1,9,1,9
540,360_prevapp_PREV_CNT_PAYMENT_MEAN,9,11,9,19,7,16,22,11,11,14,13,11
541,360_prevapp_PREV_CNT_PAYMENT_SUM,6,13,11,13,8,11,16,5,14,12,3,9
542,360_prevapp_PREV_CNT_PAYMENT_MIN,5,4,1,3,2,8,4,2,4,1,8,5
543,360_prevapp_PREV_CNT_PAYMENT_VAR,12,5,8,7,7,6,15,3,8,5,8,11
544,360_prevapp_PREV_CNT_PAYMENT_COUNT,0,0,0,0,0,0,0,0,0,0,0,0
545,360_prevapp_PREV_NAME_CONTRACT_TYPE_Cash loans_MEAN,2,0,3,3,1,3,2,1,1,2,1,1
546,360_prevapp_PREV_NAME_CONTRACT_TYPE_Consumer loans_MEAN,2,3,0,2,1,5,2,0,1,4,3,5
547,360_prevapp_PREV_NAME_CONTRACT_TYPE_Revolving loans_MEAN,1,3,3,0,0,0,2,0,0,0,1,0
548,360_prevapp_PREV_NAME_CONTRACT_TYPE_nan_MEAN,0,0,0,0,0,0,0,0,0,0,0,0
549,360_prevapp_PREV_WEEKDAY_APPR_PROCESS_START_FRIDAY_MEAN,0,1,0,2,1,2,3,2,2,2,3,1
550,360_prevapp_PREV_WEEKDAY_APPR_PROCESS_START_MONDAY_MEAN,3,1,3,3,0,1,6,2,4,0,3,2
551,360_prevapp_PREV_WEEKDAY_APPR_PROCESS_START_SATURDAY_MEAN,0,1,0,1,0,0,2,1,1,1,1,1
552,360_prevapp_PREV_WEEKDAY_APPR_PROCESS_START_SUNDAY_MEAN,3,1,0,7,2,1,13,1,3,6,1,1
553,360_prevapp_PREV_WEEKDAY_APPR_PROCESS_START_THURSDAY_MEAN,11,4,8,15,4,11,6,1,12,6,4,18
554,360_prevapp_PREV_WEEKDAY_APPR_PROCESS_START_TUESDAY_MEAN,1,3,1,0,0,2,3,2,2,1,4,6
555,360_prevapp_PREV_WEEKDAY_APPR_PROCESS_START_WEDNESDAY_MEAN,3,2,0,2,6,4,7,2,2,7,3,1
556,360_prevapp_PREV_WEEKDAY_APPR_PROCESS_START_nan_MEAN,0,0,0,0,0,0,0,0,0,0,0,0
557,360_prevapp_PREV_FLAG_LAST_APPL_PER_CONTRACT_Y_MEAN,0,0,0,0,0,0,0,0,0,0,0,0
558,360_prevapp_PREV_FLAG_LAST_APPL_PER_CONTRACT_nan_MEAN,0,0,0,0,0,0,0,0,0,0,0,0
559,360_prevapp_PREV_NAME_CASH_LOAN_PURPOSE_Building a house or an annex_MEAN,0,0,0,0,0,0,0,0,0,0,0,0
560,360_prevapp_PREV_NAME_CASH_LOAN_PURPOSE_Business development_MEAN,0,0,0,0,0,0,0,0,0,0,0,0
561,360_prevapp_PREV_NAME_CASH_LOAN_PURPOSE_Buying a garage_MEAN,0,0,0,0,0,0,0,0,0,0,0,0
562,360_prevapp_PREV_NAME_CASH_LOAN_PURPOSE_Buying a holiday home / land_MEAN,0,0,0,0,0,0,0,0,0,0,0,0
563,360_prevapp_PREV_NAME_CASH_LOAN_PURPOSE_Buying a home_MEAN,0,0,0,0,0,0,0,0,0,0,0,0
564,360_prevapp_PREV_NAME_CASH_LOAN_PURPOSE_Buying a new car_MEAN,0,0,0,0,0,0,0,0,0,0,0,0
565,360_prevapp_PREV_NAME_CASH_LOAN_PURPOSE_Buying a used car_MEAN,0,0,0,0,0,0,0,0,0,0,0,0
566,360_prevapp_PREV_NAME_CASH_LOAN_PURPOSE_Car repairs_MEAN,0,0,0,0,0,0,0,0,0,0,0,0
567,360_prevapp_PREV_NAME_CASH_LOAN_PURPOSE_Education_MEAN,0,0,0,0,0,0,0,0,0,0,0,0
568,360_prevapp_PREV_NAME_CASH_LOAN_PURPOSE_Everyday expenses_MEAN,0,0,0,0,0,0,0,0,0,0,0,0
569,360_prevapp_PREV_NAME_CASH_LOAN_PURPOSE_Furniture_MEAN,0,0,0,0,0,0,0,0,0,0,0,0
570,360_prevapp_PREV_NAME_CASH_LOAN_PURPOSE_Gasification / water supply_MEAN,0,0,0,0,0,0,0,0,0,0,0,0
571,360_prevapp_PREV_NAME_CASH_LOAN_PURPOSE_Hobby_MEAN,0,0,0,0,0,0,0,0,0,0,0,0
572,360_prevapp_PREV_NAME_CASH_LOAN_PURPOSE_Journey_MEAN,0,0,0,0,0,0,0,0,0,0,0,0
573,360_prevapp_PREV_NAME_CASH_LOAN_PURPOSE_Medicine_MEAN,0,0,0,0,0,0,0,0,0,0,0,0
574,360_prevapp_PREV_NAME_CASH_LOAN_PURPOSE_Money for a third person_MEAN,0,0,0,0,0,0,0,0,0,0,0,0
575,360_prevapp_PREV_NAME_CASH_LOAN_PURPOSE_Other_MEAN,0,0,0,0,0,0,0,0,0,0,0,0
576,360_prevapp_PREV_NAME_CASH_LOAN_PURPOSE_Payments on other loans_MEAN,0,0,0,0,0,0,0,0,0,0,0,0
577,360_prevapp_PREV_NAME_CASH_LOAN_PURPOSE_Purchase of electronic equipment_MEAN,0,0,0,0,0,0,0,0,0,0,0,0
578,360_prevapp_PREV_NAME_CASH_LOAN_PURPOSE_Refusal to name the goal_MEAN,0,0,0,0,0,0,0,0,0,0,0,0
579,360_prevapp_PREV_NAME_CASH_LOAN_PURPOSE_Repairs_MEAN,0,0,0,0,0,2,1,0,0,0,0,0
580,360_prevapp_PREV_NAME_CASH_LOAN_PURPOSE_Urgent needs_MEAN,0,0,0,0,0,0,2,0,1,0,0,0
581,360_prevapp_PREV_NAME_CASH_LOAN_PURPOSE_Wedding / gift / holiday_MEAN,0,0,0,0,0,0,0,0,0,0,0,0
582,360_prevapp_PREV_NAME_CASH_LOAN_PURPOSE_XAP_MEAN,0,0,0,0,0,0,0,0,0,0,0,0
583,360_prevapp_PREV_NAME_CASH_LOAN_PURPOSE_XNA_MEAN,1,3,4,3,6,1,4,1,0,5,2,3
584,360_prevapp_PREV_NAME_CASH_LOAN_PURPOSE_nan_MEAN,0,0,0,0,0,0,0,0,0,0,0,0
585,360_prevapp_PREV_NAME_CONTRACT_STATUS_Approved_MEAN,0,0,0,0,0,0,0,0,0,0,0,0
586,360_prevapp_PREV_NAME_CONTRACT_STATUS_nan_MEAN,0,0,0,0,0,0,0,0,0,0,0,0
587,360_prevapp_PREV_NAME_PAYMENT_TYPE_Cash through the bank_MEAN,2,3,3,5,1,3,6,2,1,1,2,2
588,360_prevapp_PREV_NAME_PAYMENT_TYPE_Cashless from the account of the employer_MEAN,0,0,0,0,0,0,0,0,0,0,0,0
589,360_prevapp_PREV_NAME_PAYMENT_TYPE_Non-cash from your account_MEAN,0,0,0,0,0,0,0,0,0,0,0,0
590,360_prevapp_PREV_NAME_PAYMENT_TYPE_XNA_MEAN,4,0,2,0,3,2,3,2,1,1,4,4
591,360_prevapp_PREV_NAME_PAYMENT_TYPE_nan_MEAN,0,0,0,0,0,0,0,0,0,0,0,0
592,360_prevapp_PREV_CODE_REJECT_REASON_XAP_MEAN,0,0,0,0,0,0,0,0,0,0,0,0
593,360_prevapp_PREV_CODE_REJECT_REASON_XNA_MEAN,0,0,0,0,0,0,0,0,0,0,0,0
594,360_prevapp_PREV_CODE_REJECT_REASON_nan_MEAN,0,0,0,0,0,0,0,0,0,0,0,0
595,360_prevapp_PREV_NAME_TYPE_SUITE_Children_MEAN,0,0,0,0,0,0,0,0,0,0,0,0
596,360_prevapp_PREV_NAME_TYPE_SUITE_Family_MEAN,3,1,2,0,4,1,2,3,0,1,1,1
597,360_prevapp_PREV_NAME_TYPE_SUITE_Group of people_MEAN,0,0,0,0,0,0,0,0,0,0,0,0
598,360_prevapp_PREV_NAME_TYPE_SUITE_Other_A_MEAN,0,0,0,0,0,0,0,0,0,0,0,0
599,360_prevapp_PREV_NAME_TYPE_SUITE_Other_B_MEAN,0,0,0,0,0,0,2,0,0,0,0,0
600,"360_prevapp_PREV_NAME_TYPE_SUITE_Spouse, partner_MEAN",0,0,0,0,1,0,0,0,5,0,0,4
601,360_prevapp_PREV_NAME_TYPE_SUITE_Unaccompanied_MEAN,32,7,22,12,10,29,36,23,30,17,5,26
602,360_prevapp_PREV_NAME_TYPE_SUITE_nan_MEAN,31,14,20,33,18,32,47,23,11,19,21,28
603,360_prevapp_PREV_NAME_CLIENT_TYPE_New_MEAN,2,2,2,7,3,1,5,1,1,2,3,0
604,360_prevapp_PREV_NAME_CLIENT_TYPE_Refreshed_MEAN,1,2,3,2,0,1,1,0,0,0,0,2
605,360_prevapp_PREV_NAME_CLIENT_TYPE_Repeater_MEAN,3,6,4,6,5,6,8,4,4,4,3,4
606,360_prevapp_PREV_NAME_CLIENT_TYPE_XNA_MEAN,0,0,0,0,0,0,0,0,0,0,0,0
607,360_prevapp_PREV_NAME_CLIENT_TYPE_nan_MEAN,0,0,0,0,0,0,0,0,0,0,0,0
608,360_prevapp_PREV_NAME_GOODS_CATEGORY_Additional Service_MEAN,0,0,0,0,0,0,0,0,0,0,0,0
609,360_prevapp_PREV_NAME_GOODS_CATEGORY_Animals_MEAN,0,0,0,0,0,0,0,0,0,0,0,0
610,360_prevapp_PREV_NAME_GOODS_CATEGORY_Audio/Video_MEAN,0,0,0,0,1,0,1,0,0,0,0,0
611,360_prevapp_PREV_NAME_GOODS_CATEGORY_Auto Accessories_MEAN,0,0,0,0,0,0,1,0,0,0,0,0
612,360_prevapp_PREV_NAME_GOODS_CATEGORY_Clothing and Accessories_MEAN,0,0,0,2,0,0,0,0,0,0,0,0
613,360_prevapp_PREV_NAME_GOODS_CATEGORY_Computers_MEAN,8,6,3,8,6,17,29,4,4,4,12,13
614,360_prevapp_PREV_NAME_GOODS_CATEGORY_Construction Materials_MEAN,0,0,0,0,0,0,1,0,0,0,0,0
615,360_prevapp_PREV_NAME_GOODS_CATEGORY_Consumer Electronics_MEAN,0,0,1,0,0,0,0,1,0,1,0,1
616,360_prevapp_PREV_NAME_GOODS_CATEGORY_Direct Sales_MEAN,0,0,0,0,0,0,0,0,0,0,0,0
617,360_prevapp_PREV_NAME_GOODS_CATEGORY_Education_MEAN,0,0,0,0,0,0,0,0,0,0,0,0
618,360_prevapp_PREV_NAME_GOODS_CATEGORY_Fitness_MEAN,0,0,0,0,0,0,0,0,0,0,0,0
619,360_prevapp_PREV_NAME_GOODS_CATEGORY_Furniture_MEAN,3,1,0,4,2,4,22,6,5,3,0,9
620,360_prevapp_PREV_NAME_GOODS_CATEGORY_Gardening_MEAN,0,0,0,0,0,0,0,0,0,0,0,0
621,360_prevapp_PREV_NAME_GOODS_CATEGORY_Homewares_MEAN,0,0,0,0,0,0,0,0,0,0,0,0
622,360_prevapp_PREV_NAME_GOODS_CATEGORY_Insurance_MEAN,0,0,0,0,0,0,0,0,0,0,0,0
623,360_prevapp_PREV_NAME_GOODS_CATEGORY_Jewelry_MEAN,0,0,0,0,0,1,0,0,0,0,0,2
624,360_prevapp_PREV_NAME_GOODS_CATEGORY_Medical Supplies_MEAN,0,0,0,0,0,0,0,0,0,0,0,0
625,360_prevapp_PREV_NAME_GOODS_CATEGORY_Medicine_MEAN,0,0,0,0,0,0,0,0,0,0,0,0
626,360_prevapp_PREV_NAME_GOODS_CATEGORY_Mobile_MEAN,4,2,1,7,0,3,2,0,2,1,1,1
627,360_prevapp_PREV_NAME_GOODS_CATEGORY_Office Appliances_MEAN,0,0,0,0,0,0,0,0,0,0,0,0
628,360_prevapp_PREV_NAME_GOODS_CATEGORY_Other_MEAN,0,0,0,0,0,0,0,0,0,0,0,0
629,360_prevapp_PREV_NAME_GOODS_CATEGORY_Photo / Cinema Equipment_MEAN,0,0,0,2,0,0,0,0,0,0,0,0
630,360_prevapp_PREV_NAME_GOODS_CATEGORY_Sport and Leisure_MEAN,0,0,0,0,0,0,0,0,0,0,0,0
631,360_prevapp_PREV_NAME_GOODS_CATEGORY_Tourism_MEAN,0,0,0,0,0,0,0,0,0,0,0,0
632,360_prevapp_PREV_NAME_GOODS_CATEGORY_Vehicles_MEAN,0,0,0,0,0,0,0,0,0,0,0,0
633,360_prevapp_PREV_NAME_GOODS_CATEGORY_Weapon_MEAN,0,0,0,0,0,0,0,0,0,0,0,0
634,360_prevapp_PREV_NAME_GOODS_CATEGORY_XNA_MEAN,1,0,0,1,0,0,0,1,0,1,0,0
635,360_prevapp_PREV_NAME_GOODS_CATEGORY_nan_MEAN,0,0,0,0,0,0,0,0,0,0,0,0
636,360_prevapp_PREV_NAME_PORTFOLIO_Cards_MEAN,0,1,0,0,0,0,0,0,0,0,0,0
637,360_prevapp_PREV_NAME_PORTFOLIO_Cash_MEAN,0,0,0,0,0,0,0,0,0,0,0,0
638,360_prevapp_PREV_NAME_PORTFOLIO_POS_MEAN,0,0,0,0,0,0,0,0,0,0,0,0
639,360_prevapp_PREV_NAME_PORTFOLIO_nan_MEAN,0,0,0,0,0,0,0,0,0,0,0,0
640,360_prevapp_PREV_NAME_PRODUCT_TYPE_XNA_MEAN,0,0,0,0,0,0,0,0,0,0,0,0
641,360_prevapp_PREV_NAME_PRODUCT_TYPE_walk-in_MEAN,1,1,0,1,0,0,2,2,1,2,1,0
642,360_prevapp_PREV_NAME_PRODUCT_TYPE_x-sell_MEAN,1,0,2,5,1,4,6,2,1,2,3,1
643,360_prevapp_PREV_NAME_PRODUCT_TYPE_nan_MEAN,0,0,0,0,0,0,0,0,0,0,0,0
644,360_prevapp_PREV_CHANNEL_TYPE_AP+ (Cash loan)_MEAN,2,0,1,1,7,1,3,0,2,4,8,0
645,360_prevapp_PREV_CHANNEL_TYPE_Channel of corporate sales_MEAN,0,0,0,0,0,0,0,0,0,0,0,0
646,360_prevapp_PREV_CHANNEL_TYPE_Contact center_MEAN,2,2,0,0,0,0,0,1,1,0,0,0
647,360_prevapp_PREV_CHANNEL_TYPE_Country-wide_MEAN,4,2,5,21,6,8,20,10,20,8,6,6
648,360_prevapp_PREV_CHANNEL_TYPE_Credit and cash offices_MEAN,1,5,1,8,4,5,6,4,2,1,3,2
649,360_prevapp_PREV_CHANNEL_TYPE_Regional / Local_MEAN,0,1,2,4,3,2,6,2,7,8,1,3
650,360_prevapp_PREV_CHANNEL_TYPE_Stone_MEAN,2,3,1,3,1,3,10,2,0,2,4,5
651,360_prevapp_PREV_CHANNEL_TYPE_nan_MEAN,0,0,0,0,0,0,0,0,0,0,0,0
652,360_prevapp_PREV_NAME_SELLER_INDUSTRY_Auto technology_MEAN,0,0,1,0,0,1,1,0,0,0,0,0
653,360_prevapp_PREV_NAME_SELLER_INDUSTRY_Clothing_MEAN,0,0,0,0,0,0,0,0,0,0,0,1
654,360_prevapp_PREV_NAME_SELLER_INDUSTRY_Connectivity_MEAN,13,11,14,20,8,24,33,17,18,7,9,22
655,360_prevapp_PREV_NAME_SELLER_INDUSTRY_Construction_MEAN,0,0,0,0,0,1,0,0,0,0,0,0
656,360_prevapp_PREV_NAME_SELLER_INDUSTRY_Consumer electronics_MEAN,0,1,1,2,2,2,6,0,5,1,4,2
657,360_prevapp_PREV_NAME_SELLER_INDUSTRY_Furniture_MEAN,0,0,1,0,1,0,1,0,0,0,0,2
658,360_prevapp_PREV_NAME_SELLER_INDUSTRY_Industry_MEAN,0,0,0,0,0,0,0,0,0,0,0,0
659,360_prevapp_PREV_NAME_SELLER_INDUSTRY_Jewelry_MEAN,0,0,0,0,1,1,0,0,0,0,0,1
660,360_prevapp_PREV_NAME_SELLER_INDUSTRY_MLM partners_MEAN,0,0,0,0,0,0,0,0,0,0,0,0
661,360_prevapp_PREV_NAME_SELLER_INDUSTRY_Tourism_MEAN,0,0,0,0,0,0,0,0,0,0,0,0
662,360_prevapp_PREV_NAME_SELLER_INDUSTRY_XNA_MEAN,14,10,10,3,7,9,9,3,4,13,10,6
663,360_prevapp_PREV_NAME_SELLER_INDUSTRY_nan_MEAN,0,0,0,0,0,0,0,0,0,0,0,0
664,360_prevapp_PREV_NAME_YIELD_GROUP_XNA_MEAN,0,0,0,0,0,0,0,0,0,0,0,0
665,360_prevapp_PREV_NAME_YIELD_GROUP_high_MEAN,10,3,10,12,14,9,20,0,6,3,10,12
666,360_prevapp_PREV_NAME_YIELD_GROUP_low_action_MEAN,6,1,11,18,0,21,32,3,14,10,2,25
667,360_prevapp_PREV_NAME_YIELD_GROUP_low_normal_MEAN,9,5,6,17,2,24,18,10,4,5,1,14
668,360_prevapp_PREV_NAME_YIELD_GROUP_middle_MEAN,4,8,12,11,3,7,7,8,7,9,4,8
669,360_prevapp_PREV_NAME_YIELD_GROUP_nan_MEAN,0,0,0,0,0,0,0,0,0,0,0,0
670,360_prevapp_PREV_PRODUCT_COMBINATION_Card Street_MEAN,0,1,0,0,0,0,0,0,0,0,1,0
671,360_prevapp_PREV_PRODUCT_COMBINATION_Card X-Sell_MEAN,1,4,1,2,1,3,2,2,2,3,0,1
672,360_prevapp_PREV_PRODUCT_COMBINATION_Cash Street: high_MEAN,0,0,3,0,2,8,1,1,0,2,0,0
673,360_prevapp_PREV_PRODUCT_COMBINATION_Cash Street: low_MEAN,0,0,0,0,0,0,0,0,0,0,0,0
674,360_prevapp_PREV_PRODUCT_COMBINATION_Cash Street: middle_MEAN,0,1,0,3,0,0,9,0,0,1,0,1
675,360_prevapp_PREV_PRODUCT_COMBINATION_Cash X-Sell: high_MEAN,0,0,0,2,0,0,4,0,0,1,0,0
676,360_prevapp_PREV_PRODUCT_COMBINATION_Cash X-Sell: low_MEAN,3,10,2,21,4,18,23,7,3,14,4,9
677,360_prevapp_PREV_PRODUCT_COMBINATION_Cash X-Sell: middle_MEAN,10,4,12,6,2,3,4,6,4,8,1,8
678,360_prevapp_PREV_PRODUCT_COMBINATION_POS household with interest_MEAN,2,4,4,4,16,5,11,2,15,10,10,12
679,360_prevapp_PREV_PRODUCT_COMBINATION_POS household without interest_MEAN,9,3,2,2,2,3,0,1,6,1,2,1
680,360_prevapp_PREV_PRODUCT_COMBINATION_POS industry with interest_MEAN,0,1,0,3,1,2,6,2,2,1,0,3
681,360_prevapp_PREV_PRODUCT_COMBINATION_POS industry without interest_MEAN,0,0,0,0,0,0,0,0,0,0,0,0
682,360_prevapp_PREV_PRODUCT_COMBINATION_POS mobile with interest_MEAN,1,0,5,5,3,2,1,2,5,0,1,3
683,360_prevapp_PREV_PRODUCT_COMBINATION_POS mobile without interest_MEAN,0,0,1,1,2,0,0,0,2,1,2,1
684,360_prevapp_PREV_PRODUCT_COMBINATION_POS other with interest_MEAN,1,0,0,1,2,2,5,2,2,2,1,2
685,360_prevapp_PREV_PRODUCT_COMBINATION_POS others without interest_MEAN,0,0,0,0,0,0,0,0,0,0,0,0
686,360_prevapp_PREV_PRODUCT_COMBINATION_nan_MEAN,0,0,0,0,0,0,0,0,0,0,0,0
687,360_prevapp_APPROVED_AMT_ANNUITY_MAX,1,2,0,2,4,0,7,1,2,5,2,3
688,360_prevapp_APPROVED_AMT_ANNUITY_MEAN,0,1,0,1,1,1,2,0,0,1,2,4
689,360_prevapp_APPROVED_AMT_ANNUITY_SUM,3,1,4,3,0,1,5,2,2,4,2,1
690,360_prevapp_APPROVED_AMT_ANNUITY_MIN,3,2,3,0,3,3,3,3,3,3,1,1
691,360_prevapp_APPROVED_AMT_ANNUITY_VAR,0,0,1,1,0,0,3,0,0,2,0,1
692,360_prevapp_APPROVED_AMT_ANNUITY_COUNT,0,0,0,0,0,0,0,0,0,0,0,0
693,360_prevapp_APPROVED_AMT_APPLICATION_MAX,0,0,0,0,1,0,2,0,1,0,0,0
694,360_prevapp_APPROVED_AMT_APPLICATION_MEAN,0,0,0,1,0,3,1,0,1,0,1,1
695,360_prevapp_APPROVED_AMT_APPLICATION_SUM,0,0,0,0,0,0,0,0,0,0,0,1
696,360_prevapp_APPROVED_AMT_APPLICATION_MIN,2,1,0,0,2,2,1,1,1,0,1,1
697,360_prevapp_APPROVED_AMT_APPLICATION_VAR,4,2,3,1,0,1,0,0,1,0,0,2
698,360_prevapp_APPROVED_AMT_APPLICATION_COUNT,0,0,0,0,0,0,0,0,0,0,0,0
699,360_prevapp_APPROVED_AMT_CREDIT_MAX,0,0,1,2,1,3,0,0,1,1,2,1
700,360_prevapp_APPROVED_AMT_CREDIT_MEAN,0,1,0,0,2,0,0,0,3,2,0,1
701,360_prevapp_APPROVED_AMT_CREDIT_SUM,2,1,1,1,0,0,2,0,1,3,0,3
702,360_prevapp_APPROVED_AMT_CREDIT_MIN,0,2,3,2,0,1,1,1,2,0,1,0
703,360_prevapp_APPROVED_AMT_CREDIT_VAR,2,3,1,1,1,0,1,1,1,0,1,2
704,360_prevapp_APPROVED_AMT_CREDIT_COUNT,0,0,0,0,0,0,0,0,0,0,0,0
705,360_prevapp_APPROVED_APP_CREDIT_PERC_MAX,1,1,2,2,0,1,2,0,1,1,1,0
706,360_prevapp_APPROVED_APP_CREDIT_PERC_MEAN,4,4,5,5,4,4,5,2,5,5,0,1
707,360_prevapp_APPROVED_APP_CREDIT_PERC_SUM,2,2,0,2,2,0,2,1,1,0,0,3
708,360_prevapp_APPROVED_APP_CREDIT_PERC_MIN,2,3,1,2,0,0,7,1,6,1,3,0
709,360_prevapp_APPROVED_APP_CREDIT_PERC_VAR,1,2,6,2,4,1,0,1,1,3,1,2
710,360_prevapp_APPROVED_APP_CREDIT_PERC_COUNT,0,0,0,0,0,0,0,0,0,0,0,0
711,360_prevapp_APPROVED_AMT_DOWN_PAYMENT_MAX,0,1,0,1,1,1,1,1,0,4,0,1
712,360_prevapp_APPROVED_AMT_DOWN_PAYMENT_MEAN,1,1,0,0,0,0,1,0,0,1,0,0
713,360_prevapp_APPROVED_AMT_DOWN_PAYMENT_SUM,0,0,0,0,0,0,0,0,0,2,0,1
714,360_prevapp_APPROVED_AMT_DOWN_PAYMENT_MIN,1,2,0,0,0,1,1,1,0,0,0,0
715,360_prevapp_APPROVED_AMT_DOWN_PAYMENT_VAR,0,0,0,0,0,0,0,0,0,0,0,0
716,360_prevapp_APPROVED_AMT_DOWN_PAYMENT_COUNT,0,0,0,0,0,0,0,0,0,0,0,0
717,360_prevapp_APPROVED_AMT_GOODS_PRICE_MAX,0,0,1,0,0,0,0,0,0,0,1,0
718,360_prevapp_APPROVED_AMT_GOODS_PRICE_MEAN,1,1,1,1,2,2,4,2,1,0,1,0
719,360_prevapp_APPROVED_AMT_GOODS_PRICE_SUM,0,0,0,0,0,0,0,0,0,0,0,0
720,360_prevapp_APPROVED_AMT_GOODS_PRICE_MIN,2,0,0,0,1,0,3,1,0,2,0,0
721,360_prevapp_APPROVED_AMT_GOODS_PRICE_VAR,0,0,0,1,0,0,1,0,1,4,1,1
722,360_prevapp_APPROVED_AMT_GOODS_PRICE_COUNT,0,0,0,0,0,0,0,0,0,0,0,0
723,360_prevapp_APPROVED_HOUR_APPR_PROCESS_START_MAX,0,0,0,0,0,0,0,0,0,0,0,0
724,360_prevapp_APPROVED_HOUR_APPR_PROCESS_START_MEAN,1,0,0,1,0,1,0,1,0,0,1,0
725,360_prevapp_APPROVED_HOUR_APPR_PROCESS_START_SUM,2,1,4,1,0,2,1,0,0,0,0,0
726,360_prevapp_APPROVED_HOUR_APPR_PROCESS_START_MIN,1,0,0,1,3,2,1,1,2,2,0,3
727,360_prevapp_APPROVED_HOUR_APPR_PROCESS_START_VAR,0,1,0,2,0,2,1,1,0,1,0,0
728,360_prevapp_APPROVED_HOUR_APPR_PROCESS_START_COUNT,0,0,0,0,0,0,0,0,0,0,0,0
729,360_prevapp_APPROVED_RATE_DOWN_PAYMENT_MAX,0,2,1,1,0,2,0,2,0,0,0,0
730,360_prevapp_APPROVED_RATE_DOWN_PAYMENT_MEAN,0,1,1,0,0,0,2,1,1,1,1,1
731,360_prevapp_APPROVED_RATE_DOWN_PAYMENT_SUM,2,3,0,1,0,0,6,0,0,1,0,1
732,360_prevapp_APPROVED_RATE_DOWN_PAYMENT_MIN,0,0,1,0,0,0,0,0,0,0,2,0
733,360_prevapp_APPROVED_RATE_DOWN_PAYMENT_VAR,0,0,0,0,0,0,0,0,0,0,0,0
734,360_prevapp_APPROVED_RATE_DOWN_PAYMENT_COUNT,0,0,0,0,0,0,0,0,0,0,0,0
735,360_prevapp_APPROVED_DAYS_DECISION_MAX,0,2,5,3,4,2,4,1,4,5,3,1
736,360_prevapp_APPROVED_DAYS_DECISION_MEAN,2,1,1,3,0,3,5,0,2,2,0,0
737,360_prevapp_APPROVED_DAYS_DECISION_SUM,2,3,0,1,1,2,3,2,2,1,1,1
738,360_prevapp_APPROVED_DAYS_DECISION_MIN,4,1,2,3,7,2,2,0,5,6,4,5
739,360_prevapp_APPROVED_DAYS_DECISION_VAR,2,2,0,4,0,3,1,0,3,1,1,3
740,360_prevapp_APPROVED_DAYS_DECISION_COUNT,0,0,0,0,0,0,0,0,0,0,0,0
741,360_prevapp_APPROVED_CNT_PAYMENT_MAX,0,0,0,1,0,0,0,1,0,1,1,0
742,360_prevapp_APPROVED_CNT_PAYMENT_MEAN,0,0,0,0,0,0,5,0,1,1,1,0
743,360_prevapp_APPROVED_CNT_PAYMENT_SUM,0,0,0,0,2,3,0,0,0,2,0,2
744,360_prevapp_APPROVED_CNT_PAYMENT_MIN,2,0,0,0,0,0,1,0,0,0,0,0
745,360_prevapp_APPROVED_CNT_PAYMENT_VAR,0,0,2,0,0,0,0,0,0,0,0,0
746,360_prevapp_APPROVED_CNT_PAYMENT_COUNT,0,0,0,0,0,0,0,0,0,0,0,0
747,360_bb_BURO_DAYS_CREDIT_MAX,25,26,44,31,25,38,76,35,30,26,30,44
748,360_bb_BURO_DAYS_CREDIT_MEAN,32,46,48,68,54,70,99,39,50,53,84,51
749,360_bb_BURO_DAYS_CREDIT_SUM,24,29,46,34,27,38,63,35,39,41,30,40
750,360_bb_BURO_DAYS_CREDIT_MIN,31,33,32,53,32,60,65,20,30,42,29,35
751,360_bb_BURO_DAYS_CREDIT_VAR,47,43,37,47,57,58,69,33,49,42,20,58
752,360_bb_BURO_DAYS_CREDIT_COUNT,4,13,11,9,13,11,16,6,8,11,14,8
753,360_bb_BURO_DAYS_CREDIT_ENDDATE_MAX,26,25,36,47,24,40,67,16,30,23,28,40
754,360_bb_BURO_DAYS_CREDIT_ENDDATE_MEAN,49,66,66,63,40,70,74,64,45,44,54,64
755,360_bb_BURO_DAYS_CREDIT_ENDDATE_SUM,25,33,30,40,17,43,48,21,26,28,21,37
756,360_bb_BURO_DAYS_CREDIT_ENDDATE_MIN,75,96,67,112,109,134,120,60,109,82,87,102
757,360_bb_BURO_DAYS_CREDIT_ENDDATE_VAR,20,27,32,47,22,28,78,22,36,36,21,34
758,360_bb_BURO_DAYS_CREDIT_ENDDATE_COUNT,7,7,7,14,4,2,15,10,0,3,5,7
759,360_bb_BURO_DAYS_CREDIT_UPDATE_MAX,27,36,25,44,32,45,49,26,28,31,29,28
760,360_bb_BURO_DAYS_CREDIT_UPDATE_MEAN,16,22,30,40,32,40,44,35,42,36,23,37
761,360_bb_BURO_DAYS_CREDIT_UPDATE_SUM,19,29,41,41,34,41,72,43,34,45,30,47
762,360_bb_BURO_DAYS_CREDIT_UPDATE_MIN,18,27,26,25,26,32,36,28,28,25,22,25
763,360_bb_BURO_DAYS_CREDIT_UPDATE_VAR,25,23,29,46,30,53,50,23,39,27,29,49
764,360_bb_BURO_DAYS_CREDIT_UPDATE_COUNT,0,1,2,0,0,1,0,0,0,0,0,2
765,360_bb_BURO_CREDIT_DAY_OVERDUE_MAX,0,0,0,0,0,0,0,1,0,1,0,0
766,360_bb_BURO_CREDIT_DAY_OVERDUE_MEAN,0,0,1,0,0,0,1,0,0,1,0,0
767,360_bb_BURO_CREDIT_DAY_OVERDUE_SUM,0,0,0,0,0,0,0,0,0,0,0,0
768,360_bb_BURO_CREDIT_DAY_OVERDUE_MIN,0,0,0,1,0,0,5,0,0,1,0,1
769,360_bb_BURO_CREDIT_DAY_OVERDUE_VAR,0,0,0,0,0,0,0,0,0,0,0,0
770,360_bb_BURO_CREDIT_DAY_OVERDUE_COUNT,0,0,0,0,0,0,0,0,0,0,0,0
771,360_bb_BURO_AMT_CREDIT_MAX_OVERDUE_MAX,23,12,24,26,20,18,25,17,13,15,16,15
772,360_bb_BURO_AMT_CREDIT_MAX_OVERDUE_MEAN,33,46,49,54,48,48,58,37,58,28,42,60
773,360_bb_BURO_AMT_CREDIT_MAX_OVERDUE_SUM,6,8,10,18,7,9,24,11,19,21,7,13
774,360_bb_BURO_AMT_CREDIT_MAX_OVERDUE_MIN,12,5,18,13,5,5,28,12,8,4,4,5
775,360_bb_BURO_AMT_CREDIT_MAX_OVERDUE_VAR,3,8,3,10,5,4,21,10,5,3,4,7
776,360_bb_BURO_AMT_CREDIT_MAX_OVERDUE_COUNT,3,3,4,1,4,1,5,0,1,4,1,7
777,360_bb_BURO_AMT_CREDIT_SUM_MAX,41,21,35,37,32,40,54,25,37,45,44,37
778,360_bb_BURO_AMT_CREDIT_SUM_MEAN,27,30,24,37,42,32,60,43,20,41,33,30
779,360_bb_BURO_AMT_CREDIT_SUM_SUM,22,19,29,36,19,30,50,24,20,28,27,27
780,360_bb_BURO_AMT_CREDIT_SUM_MIN,95,122,127,172,79,162,220,109,136,113,132,122
781,360_bb_BURO_AMT_CREDIT_SUM_VAR,48,37,24,49,37,37,61,60,26,63,44,35
782,360_bb_BURO_AMT_CREDIT_SUM_COUNT,0,0,0,0,0,0,0,0,0,0,0,0
783,360_bb_BURO_AMT_CREDIT_SUM_DEBT_MAX,13,24,22,30,22,26,40,22,19,22,28,23
784,360_bb_BURO_AMT_CREDIT_SUM_DEBT_MEAN,26,28,35,45,30,52,61,29,26,44,31,43
785,360_bb_BURO_AMT_CREDIT_SUM_DEBT_SUM,21,22,29,33,23,37,41,26,28,26,20,38
786,360_bb_BURO_AMT_CREDIT_SUM_DEBT_MIN,47,41,57,101,66,88,106,50,82,67,62,91
787,360_bb_BURO_AMT_CREDIT_SUM_DEBT_VAR,83,89,91,98,106,101,150,103,109,88,93,115
788,360_bb_BURO_AMT_CREDIT_SUM_DEBT_COUNT,30,15,42,27,32,34,20,23,27,21,28,50
789,360_bb_BURO_AMT_CREDIT_SUM_OVERDUE_MAX,0,4,1,12,5,6,2,4,0,6,6,3
790,360_bb_BURO_AMT_CREDIT_SUM_OVERDUE_MEAN,29,24,30,41,16,41,52,18,19,23,38,30
791,360_bb_BURO_AMT_CREDIT_SUM_OVERDUE_SUM,0,3,0,2,0,0,0,5,0,1,0,0
792,360_bb_BURO_AMT_CREDIT_SUM_OVERDUE_MIN,0,0,0,1,0,0,3,0,0,0,0,2
793,360_bb_BURO_AMT_CREDIT_SUM_OVERDUE_VAR,0,0,0,0,0,0,0,0,0,0,0,0
794,360_bb_BURO_AMT_CREDIT_SUM_OVERDUE_COUNT,0,0,0,0,0,0,0,0,0,0,0,0
795,360_bb_BURO_AMT_CREDIT_SUM_LIMIT_MAX,3,6,3,4,6,8,10,2,3,4,1,7
796,360_bb_BURO_AMT_CREDIT_SUM_LIMIT_MEAN,5,9,9,13,3,13,12,9,6,5,2,6
797,360_bb_BURO_AMT_CREDIT_SUM_LIMIT_SUM,0,0,3,2,3,3,2,1,0,3,1,6
798,360_bb_BURO_AMT_CREDIT_SUM_LIMIT_MIN,5,5,11,26,3,11,39,3,12,4,3,9
799,360_bb_BURO_AMT_CREDIT_SUM_LIMIT_VAR,6,4,11,29,9,13,24,12,15,11,6,17
800,360_bb_BURO_AMT_CREDIT_SUM_LIMIT_COUNT,21,17,11,16,13,10,19,15,11,16,11,18
801,360_bb_BURO_AMT_ANNUITY_MAX,12,12,9,23,10,10,16,6,20,11,10,12
802,360_bb_BURO_AMT_ANNUITY_MEAN,6,8,9,15,5,9,31,7,5,8,7,11
803,360_bb_BURO_AMT_ANNUITY_SUM,2,5,8,9,4,8,8,8,8,5,9,5
804,360_bb_BURO_AMT_ANNUITY_MIN,21,14,14,24,9,17,36,14,22,18,7,16
805,360_bb_BURO_AMT_ANNUITY_VAR,6,5,6,7,1,18,9,2,9,6,5,18
806,360_bb_BURO_AMT_ANNUITY_COUNT,1,1,1,0,1,1,1,0,2,3,3,0
807,360_bb_BURO_CNT_CREDIT_PROLONG_MAX,0,0,0,0,0,0,0,0,0,0,0,0
808,360_bb_BURO_CNT_CREDIT_PROLONG_MEAN,0,0,0,0,0,0,0,0,0,0,0,0
809,360_bb_BURO_CNT_CREDIT_PROLONG_SUM,0,0,0,0,0,0,0,0,0,0,0,0
810,360_bb_BURO_CNT_CREDIT_PROLONG_MIN,0,0,0,0,0,0,0,0,0,0,0,0
811,360_bb_BURO_CNT_CREDIT_PROLONG_VAR,0,0,0,0,0,0,0,0,0,0,0,0
812,360_bb_BURO_CNT_CREDIT_PROLONG_COUNT,0,0,0,0,0,0,0,0,0,0,0,0
813,360_bb_BURO_MONTHS_BALANCE_MIN_MAX,3,3,3,2,1,2,5,2,1,1,1,3
814,360_bb_BURO_MONTHS_BALANCE_MIN_MEAN,5,9,14,9,6,12,15,5,9,8,8,9
815,360_bb_BURO_MONTHS_BALANCE_MIN_SUM,2,12,13,21,7,16,23,9,17,8,13,13
816,360_bb_BURO_MONTHS_BALANCE_MIN_MIN,7,5,7,6,4,7,7,2,6,5,2,4
817,360_bb_BURO_MONTHS_BALANCE_MIN_VAR,26,27,16,27,23,27,28,26,36,22,22,23
818,360_bb_BURO_MONTHS_BALANCE_MIN_COUNT,2,0,0,1,1,0,3,0,0,0,1,0
819,360_bb_BURO_MONTHS_BALANCE_MAX_MAX,0,0,0,0,0,0,0,0,0,0,0,0
820,360_bb_BURO_MONTHS_BALANCE_MAX_MEAN,3,0,4,0,3,2,6,1,2,0,2,2
821,360_bb_BURO_MONTHS_BALANCE_MAX_SUM,0,0,0,0,0,0,0,0,0,0,0,1
822,360_bb_BURO_MONTHS_BALANCE_MAX_MIN,0,1,1,0,0,0,1,0,0,0,0,1
823,360_bb_BURO_MONTHS_BALANCE_MAX_VAR,4,3,3,5,2,4,5,3,0,3,3,4
824,360_bb_BURO_MONTHS_BALANCE_MAX_COUNT,0,0,0,0,0,0,0,0,0,0,1,0
825,360_bb_BURO_MONTHS_BALANCE_SIZE_MAX,7,4,2,5,3,5,7,6,3,2,3,6
826,360_bb_BURO_MONTHS_BALANCE_SIZE_MEAN,3,4,6,6,6,15,16,6,5,11,9,13
827,360_bb_BURO_MONTHS_BALANCE_SIZE_SUM,7,5,6,11,14,11,13,9,12,9,8,9
828,360_bb_BURO_MONTHS_BALANCE_SIZE_MIN,2,3,9,3,6,4,9,3,8,8,4,5
829,360_bb_BURO_MONTHS_BALANCE_SIZE_VAR,5,6,4,13,3,5,9,7,7,3,7,5
830,360_bb_BURO_MONTHS_BALANCE_SIZE_COUNT,0,0,0,0,0,0,0,0,0,0,0,0
831,360_bb_BURO_CREDIT_ACTIVE_Active_MEAN,0,2,0,2,2,1,2,5,3,0,0,0
832,360_bb_BURO_CREDIT_ACTIVE_Closed_MEAN,1,2,1,3,1,0,1,3,2,0,2,2
833,360_bb_BURO_CREDIT_ACTIVE_Sold_MEAN,0,1,8,23,7,16,39,3,0,1,6,22
834,360_bb_BURO_CREDIT_ACTIVE_nan_MEAN,0,0,0,0,0,0,0,0,0,0,0,0
835,360_bb_BURO_CREDIT_CURRENCY_currency 1_MEAN,0,0,0,0,0,0,0,0,0,0,0,0
836,360_bb_BURO_CREDIT_CURRENCY_currency 2_MEAN,0,0,0,0,0,0,0,0,0,0,0,0
837,360_bb_BURO_CREDIT_CURRENCY_currency 3_MEAN,0,0,0,0,0,0,0,0,0,0,0,0
838,360_bb_BURO_CREDIT_CURRENCY_nan_MEAN,0,0,0,0,0,0,0,0,0,0,0,0
839,360_bb_BURO_CREDIT_TYPE_Another type of loan_MEAN,0,0,0,0,0,0,0,0,0,0,0,0
840,360_bb_BURO_CREDIT_TYPE_Car loan_MEAN,0,0,0,3,0,1,15,0,0,0,0,0
841,360_bb_BURO_CREDIT_TYPE_Cash loan (non-earmarked)_MEAN,0,0,0,0,0,0,0,0,0,0,0,0
842,360_bb_BURO_CREDIT_TYPE_Consumer credit_MEAN,21,14,18,34,9,11,13,13,22,11,16,18
843,360_bb_BURO_CREDIT_TYPE_Credit card_MEAN,6,5,6,6,8,13,12,12,9,7,9,14
844,360_bb_BURO_CREDIT_TYPE_Loan for business development_MEAN,0,0,0,0,0,0,0,0,0,0,0,0
845,360_bb_BURO_CREDIT_TYPE_Loan for the purchase of equipment_MEAN,0,0,0,0,0,0,0,0,0,0,0,0
846,360_bb_BURO_CREDIT_TYPE_Loan for working capital replenishment_MEAN,0,0,0,0,0,0,0,0,0,0,0,0
847,360_bb_BURO_CREDIT_TYPE_Microloan_MEAN,98,78,87,103,60,102,103,91,110,124,110,116
848,360_bb_BURO_CREDIT_TYPE_Mortgage_MEAN,0,0,0,0,0,0,1,0,0,0,0,0
849,360_bb_BURO_CREDIT_TYPE_Real estate loan_MEAN,0,0,0,0,0,0,0,0,0,0,0,0
850,360_bb_BURO_CREDIT_TYPE_Unknown type of loan_MEAN,0,0,0,0,0,0,0,0,0,0,0,0
851,360_bb_BURO_CREDIT_TYPE_nan_MEAN,0,0,0,0,0,0,0,0,0,0,0,0
852,360_bb_BURO_STATUS_0_MEAN_MEAN,8,15,14,31,8,27,40,12,21,18,12,23
853,360_bb_BURO_STATUS_1_MEAN_MEAN,6,6,3,9,0,11,9,5,7,4,2,2
854,360_bb_BURO_STATUS_2_MEAN_MEAN,0,0,0,0,0,0,0,0,0,0,0,0
855,360_bb_BURO_STATUS_3_MEAN_MEAN,0,0,0,0,0,0,0,0,0,0,0,0
856,360_bb_BURO_STATUS_4_MEAN_MEAN,0,0,0,0,0,0,0,0,0,0,0,0
857,360_bb_BURO_STATUS_5_MEAN_MEAN,0,0,0,0,0,0,0,0,0,0,0,0
858,360_bb_BURO_STATUS_C_MEAN_MEAN,5,4,3,9,5,4,10,3,7,10,2,5
859,360_bb_BURO_STATUS_X_MEAN_MEAN,14,19,10,22,12,29,24,20,12,6,14,20
860,360_bb_BURO_STATUS_nan_MEAN_MEAN,0,0,0,0,0,0,0,0,0,0,0,0
861,360_bb_ACTIVE_DAYS_CREDIT_MAX,63,67,79,63,66,72,106,74,61,72,65,108
862,360_bb_ACTIVE_DAYS_CREDIT_MEAN,42,31,52,56,44,69,86,41,43,47,58,60
863,360_bb_ACTIVE_DAYS_CREDIT_SUM,49,28,31,37,27,38,63,36,39,33,37,44
864,360_bb_ACTIVE_DAYS_CREDIT_MIN,19,23,22,29,20,34,35,10,20,20,20,17
865,360_bb_ACTIVE_DAYS_CREDIT_VAR,30,39,33,56,43,48,49,43,43,55,39,32
866,360_bb_ACTIVE_DAYS_CREDIT_COUNT,33,36,42,40,38,50,33,37,52,37,53,34
867,360_bb_ACTIVE_DAYS_CREDIT_ENDDATE_MAX,19,42,37,31,14,35,50,24,21,31,35,33
868,360_bb_ACTIVE_DAYS_CREDIT_ENDDATE_MEAN,43,45,58,63,48,64,85,44,30,38,50,45
869,360_bb_ACTIVE_DAYS_CREDIT_ENDDATE_SUM,23,30,18,44,16,30,52,26,21,35,17,30
870,360_bb_ACTIVE_DAYS_CREDIT_ENDDATE_MIN,162,133,131,164,136,172,170,109,89,147,144,165
871,360_bb_ACTIVE_DAYS_CREDIT_ENDDATE_VAR,27,24,26,40,25,36,41,27,34,26,27,29
872,360_bb_ACTIVE_DAYS_CREDIT_ENDDATE_COUNT,0,1,0,1,3,1,5,1,6,2,1,0
873,360_bb_ACTIVE_DAYS_CREDIT_UPDATE_MAX,19,30,49,67,37,60,82,45,41,53,39,39
874,360_bb_ACTIVE_DAYS_CREDIT_UPDATE_MEAN,23,14,11,41,27,32,45,22,16,34,31,23
875,360_bb_ACTIVE_DAYS_CREDIT_UPDATE_SUM,36,22,34,47,37,48,86,32,37,29,36,40
876,360_bb_ACTIVE_DAYS_CREDIT_UPDATE_MIN,22,20,19,40,18,25,58,21,20,33,25,24
877,360_bb_ACTIVE_DAYS_CREDIT_UPDATE_VAR,30,27,34,56,48,68,74,39,36,41,37,64
878,360_bb_ACTIVE_DAYS_CREDIT_UPDATE_COUNT,0,2,4,6,2,2,1,1,2,3,2,2
879,360_bb_ACTIVE_CREDIT_DAY_OVERDUE_MAX,0,0,0,0,0,0,0,0,0,0,0,0
880,360_bb_ACTIVE_CREDIT_DAY_OVERDUE_MEAN,0,1,0,0,0,2,0,2,0,0,0,0
881,360_bb_ACTIVE_CREDIT_DAY_OVERDUE_SUM,0,0,0,0,0,0,0,0,0,0,0,0
882,360_bb_ACTIVE_CREDIT_DAY_OVERDUE_MIN,0,5,9,1,0,1,1,0,5,10,1,6
883,360_bb_ACTIVE_CREDIT_DAY_OVERDUE_VAR,0,0,0,1,0,0,0,0,0,0,0,0
884,360_bb_ACTIVE_CREDIT_DAY_OVERDUE_COUNT,0,0,0,0,1,0,0,1,0,0,0,1
885,360_bb_ACTIVE_AMT_CREDIT_MAX_OVERDUE_MAX,18,14,8,24,13,19,27,11,8,7,22,22
886,360_bb_ACTIVE_AMT_CREDIT_MAX_OVERDUE_MEAN,4,6,5,21,7,11,6,7,5,11,6,10
887,360_bb_ACTIVE_AMT_CREDIT_MAX_OVERDUE_SUM,11,11,3,15,5,10,10,2,8,2,3,15
888,360_bb_ACTIVE_AMT_CREDIT_MAX_OVERDUE_MIN,5,1,3,8,6,2,9,4,2,3,2,4
889,360_bb_ACTIVE_AMT_CREDIT_MAX_OVERDUE_VAR,2,2,16,10,9,5,13,6,2,13,9,9
890,360_bb_ACTIVE_AMT_CREDIT_MAX_OVERDUE_COUNT,0,1,1,3,0,1,2,0,2,4,2,3
891,360_bb_ACTIVE_AMT_CREDIT_SUM_MAX,19,30,25,33,19,27,36,23,37,15,15,31
892,360_bb_ACTIVE_AMT_CREDIT_SUM_MEAN,18,18,13,30,15,36,37,21,20,22,16,20
893,360_bb_ACTIVE_AMT_CREDIT_SUM_SUM,18,22,38,40,15,37,45,35,26,18,13,21
894,360_bb_ACTIVE_AMT_CREDIT_SUM_MIN,71,71,50,77,52,74,90,44,77,63,82,83
895,360_bb_ACTIVE_AMT_CREDIT_SUM_VAR,33,38,46,48,39,56,54,35,44,40,32,49
896,360_bb_ACTIVE_AMT_CREDIT_SUM_COUNT,0,0,0,0,0,0,0,0,0,0,0,0
897,360_bb_ACTIVE_AMT_CREDIT_SUM_DEBT_MAX,21,12,13,28,9,32,45,29,29,26,24,20
898,360_bb_ACTIVE_AMT_CREDIT_SUM_DEBT_MEAN,19,28,16,32,36,28,45,15,34,38,28,37
899,360_bb_ACTIVE_AMT_CREDIT_SUM_DEBT_SUM,55,37,45,63,53,60,102,61,50,68,46,62
900,360_bb_ACTIVE_AMT_CREDIT_SUM_DEBT_MIN,60,46,91,85,70,78,65,84,96,91,61,105
901,360_bb_ACTIVE_AMT_CREDIT_SUM_DEBT_VAR,33,35,52,58,27,45,83,28,48,61,37,38
902,360_bb_ACTIVE_AMT_CREDIT_SUM_DEBT_COUNT,7,11,28,26,7,11,7,12,22,16,6,17
903,360_bb_ACTIVE_AMT_CREDIT_SUM_OVERDUE_MAX,0,0,0,0,0,0,0,0,0,0,0,0
904,360_bb_ACTIVE_AMT_CREDIT_SUM_OVERDUE_MEAN,12,21,8,18,15,12,2,27,13,21,13,17
905,360_bb_ACTIVE_AMT_CREDIT_SUM_OVERDUE_SUM,0,0,0,0,0,0,0,0,0,0,0,0
906,360_bb_ACTIVE_AMT_CREDIT_SUM_OVERDUE_MIN,4,4,11,8,3,8,10,14,4,23,12,17
907,360_bb_ACTIVE_AMT_CREDIT_SUM_OVERDUE_VAR,0,0,0,0,0,0,0,0,0,0,0,0
908,360_bb_ACTIVE_AMT_CREDIT_SUM_OVERDUE_COUNT,0,0,0,0,0,0,0,0,0,0,0,0
909,360_bb_ACTIVE_AMT_CREDIT_SUM_LIMIT_MAX,4,6,9,8,5,9,12,7,4,6,4,5
910,360_bb_ACTIVE_AMT_CREDIT_SUM_LIMIT_MEAN,7,0,8,5,6,10,23,4,2,3,6,13
911,360_bb_ACTIVE_AMT_CREDIT_SUM_LIMIT_SUM,4,1,3,2,2,4,6,2,4,1,1,2
912,360_bb_ACTIVE_AMT_CREDIT_SUM_LIMIT_MIN,5,3,3,8,3,4,8,3,9,3,4,3
913,360_bb_ACTIVE_AMT_CREDIT_SUM_LIMIT_VAR,0,1,6,8,7,10,21,6,1,7,5,9
914,360_bb_ACTIVE_AMT_CREDIT_SUM_LIMIT_COUNT,13,7,13,12,9,17,15,7,9,18,24,9
915,360_bb_ACTIVE_AMT_ANNUITY_MAX,12,16,13,13,8,14,26,13,7,14,6,9
916,360_bb_ACTIVE_AMT_ANNUITY_MEAN,10,10,14,16,7,7,11,8,11,6,8,11
917,360_bb_ACTIVE_AMT_ANNUITY_SUM,5,6,6,9,4,7,12,2,6,4,4,4
918,360_bb_ACTIVE_AMT_ANNUITY_MIN,20,21,30,14,12,21,27,23,21,24,15,31
919,360_bb_ACTIVE_AMT_ANNUITY_VAR,8,11,5,11,9,7,15,7,5,13,2,7
920,360_bb_ACTIVE_AMT_ANNUITY_COUNT,4,10,10,17,10,17,7,12,12,11,7,13
921,360_bb_ACTIVE_CNT_CREDIT_PROLONG_MAX,0,0,0,0,0,0,0,0,0,0,0,0
922,360_bb_ACTIVE_CNT_CREDIT_PROLONG_MEAN,0,0,0,0,0,0,0,0,0,0,0,0
923,360_bb_ACTIVE_CNT_CREDIT_PROLONG_SUM,0,0,0,0,0,0,0,0,0,0,0,0
924,360_bb_ACTIVE_CNT_CREDIT_PROLONG_MIN,0,0,0,0,0,0,0,0,0,0,0,0
925,360_bb_ACTIVE_CNT_CREDIT_PROLONG_VAR,0,0,0,0,0,0,0,0,0,0,0,0
926,360_bb_ACTIVE_CNT_CREDIT_PROLONG_COUNT,0,0,0,0,0,0,0,0,0,0,0,0
927,360_bb_ACTIVE_MONTHS_BALANCE_MIN_MAX,4,3,4,2,6,8,7,4,9,0,2,5
928,360_bb_ACTIVE_MONTHS_BALANCE_MIN_MEAN,1,4,2,7,5,6,11,3,8,2,7,7
929,360_bb_ACTIVE_MONTHS_BALANCE_MIN_SUM,4,5,7,6,8,6,8,4,9,10,6,8
930,360_bb_ACTIVE_MONTHS_BALANCE_MIN_MIN,5,3,3,4,2,6,6,1,5,5,4,7
931,360_bb_ACTIVE_MONTHS_BALANCE_MIN_VAR,12,7,24,25,7,14,14,14,10,16,11,8
932,360_bb_ACTIVE_MONTHS_BALANCE_MIN_COUNT,1,4,5,4,0,6,5,6,5,9,2,2
933,360_bb_ACTIVE_MONTHS_BALANCE_MAX_MAX,0,0,0,0,0,0,1,0,0,0,0,0
934,360_bb_ACTIVE_MONTHS_BALANCE_MAX_MEAN,2,1,2,0,2,3,3,2,5,2,0,1
935,360_bb_ACTIVE_MONTHS_BALANCE_MAX_SUM,0,1,0,0,1,0,2,1,0,0,1,0
936,360_bb_ACTIVE_MONTHS_BALANCE_MAX_MIN,0,1,0,1,0,1,3,1,0,0,1,0
937,360_bb_ACTIVE_MONTHS_BALANCE_MAX_VAR,1,1,3,3,4,1,4,0,1,4,0,3
938,360_bb_ACTIVE_MONTHS_BALANCE_MAX_COUNT,0,0,0,1,0,0,0,0,0,0,0,0
939,360_bb_ACTIVE_MONTHS_BALANCE_SIZE_MAX,2,1,0,5,3,6,5,4,6,1,3,8
940,360_bb_ACTIVE_MONTHS_BALANCE_SIZE_MEAN,2,3,9,5,8,12,11,8,10,6,9,4
941,360_bb_ACTIVE_MONTHS_BALANCE_SIZE_SUM,18,38,29,47,19,39,66,23,45,28,15,29
942,360_bb_ACTIVE_MONTHS_BALANCE_SIZE_MIN,5,2,6,1,13,4,4,3,7,3,4,6
943,360_bb_ACTIVE_MONTHS_BALANCE_SIZE_VAR,5,3,6,11,4,10,10,9,11,9,6,7
944,360_bb_ACTIVE_MONTHS_BALANCE_SIZE_COUNT,0,0,0,0,0,0,0,0,0,0,0,0
945,360_bb_CLOSED_DAYS_CREDIT_MAX,14,15,27,19,25,24,25,24,24,14,16,16
946,360_bb_CLOSED_DAYS_CREDIT_MEAN,5,4,16,19,9,20,15,8,6,13,14,6
947,360_bb_CLOSED_DAYS_CREDIT_SUM,8,8,6,11,9,10,11,8,7,4,13,14
948,360_bb_CLOSED_DAYS_CREDIT_MIN,3,4,11,9,7,12,7,17,9,10,13,10
949,360_bb_CLOSED_DAYS_CREDIT_VAR,3,9,7,5,7,5,13,2,7,4,8,4
950,360_bb_CLOSED_DAYS_CREDIT_COUNT,1,1,0,0,2,0,0,0,0,1,0,0
951,360_bb_CLOSED_DAYS_CREDIT_ENDDATE_MAX,9,14,9,17,21,22,21,14,10,23,14,7
952,360_bb_CLOSED_DAYS_CREDIT_ENDDATE_MEAN,24,15,28,29,16,22,23,24,16,19,20,24
953,360_bb_CLOSED_DAYS_CREDIT_ENDDATE_SUM,9,11,10,12,19,14,26,6,9,16,8,7
954,360_bb_CLOSED_DAYS_CREDIT_ENDDATE_MIN,14,32,15,19,14,21,23,21,17,17,28,23
955,360_bb_CLOSED_DAYS_CREDIT_ENDDATE_VAR,0,1,2,0,3,0,5,0,0,1,1,0
956,360_bb_CLOSED_DAYS_CREDIT_ENDDATE_COUNT,0,0,0,1,0,0,1,0,0,0,0,1
957,360_bb_CLOSED_DAYS_CREDIT_UPDATE_MAX,24,16,18,37,18,26,21,17,12,26,13,15
958,360_bb_CLOSED_DAYS_CREDIT_UPDATE_MEAN,20,7,7,6,10,16,12,8,7,11,6,8
959,360_bb_CLOSED_DAYS_CREDIT_UPDATE_SUM,12,5,10,20,10,13,19,8,7,9,11,9
960,360_bb_CLOSED_DAYS_CREDIT_UPDATE_MIN,8,5,8,18,9,8,20,4,13,13,9,9
961,360_bb_CLOSED_DAYS_CREDIT_UPDATE_VAR,7,1,4,5,2,4,2,1,1,4,4,0
962,360_bb_CLOSED_DAYS_CREDIT_UPDATE_COUNT,0,1,0,0,0,0,0,0,0,0,0,0
963,360_bb_CLOSED_CREDIT_DAY_OVERDUE_MAX,0,0,0,0,0,0,0,0,0,0,0,0
964,360_bb_CLOSED_CREDIT_DAY_OVERDUE_MEAN,0,0,0,0,0,0,0,0,0,0,0,0
965,360_bb_CLOSED_CREDIT_DAY_OVERDUE_SUM,0,0,0,0,0,0,0,0,0,0,0,0
966,360_bb_CLOSED_CREDIT_DAY_OVERDUE_MIN,0,0,0,0,0,0,0,0,0,0,0,0
967,360_bb_CLOSED_CREDIT_DAY_OVERDUE_VAR,0,0,0,0,0,0,0,0,0,0,0,0
968,360_bb_CLOSED_CREDIT_DAY_OVERDUE_COUNT,0,0,0,0,0,0,0,0,0,0,0,0
969,360_bb_CLOSED_AMT_CREDIT_MAX_OVERDUE_MAX,0,0,1,0,0,1,1,1,0,0,1,0
970,360_bb_CLOSED_AMT_CREDIT_MAX_OVERDUE_MEAN,1,1,1,1,0,4,3,0,3,1,0,2
971,360_bb_CLOSED_AMT_CREDIT_MAX_OVERDUE_SUM,0,0,1,0,0,0,0,0,0,5,0,0
972,360_bb_CLOSED_AMT_CREDIT_MAX_OVERDUE_MIN,1,0,1,4,1,2,4,0,0,1,0,0
973,360_bb_CLOSED_AMT_CREDIT_MAX_OVERDUE_VAR,0,0,1,0,0,0,0,0,0,0,0,0
974,360_bb_CLOSED_AMT_CREDIT_MAX_OVERDUE_COUNT,1,1,0,0,2,0,0,2,3,1,0,1
975,360_bb_CLOSED_AMT_CREDIT_SUM_MAX,6,4,15,12,13,22,13,14,19,13,9,15
976,360_bb_CLOSED_AMT_CREDIT_SUM_MEAN,7,20,20,21,16,14,20,17,23,24,23,17
977,360_bb_CLOSED_AMT_CREDIT_SUM_SUM,7,3,14,12,5,7,16,6,8,6,8,9
978,360_bb_CLOSED_AMT_CREDIT_SUM_MIN,9,22,22,14,13,18,22,22,11,10,11,8
979,360_bb_CLOSED_AMT_CREDIT_SUM_VAR,7,6,16,12,14,11,25,4,4,11,7,19
980,360_bb_CLOSED_AMT_CREDIT_SUM_COUNT,0,0,0,0,0,0,0,0,0,0,0,0
981,360_bb_CLOSED_AMT_CREDIT_SUM_DEBT_MAX,0,0,0,0,0,0,0,0,0,0,1,0
982,360_bb_CLOSED_AMT_CREDIT_SUM_DEBT_MEAN,0,0,0,0,0,0,0,0,0,0,0,0
983,360_bb_CLOSED_AMT_CREDIT_SUM_DEBT_SUM,0,0,0,0,0,0,0,0,0,0,0,0
984,360_bb_CLOSED_AMT_CREDIT_SUM_DEBT_MIN,0,0,0,0,0,0,0,0,0,0,0,0
985,360_bb_CLOSED_AMT_CREDIT_SUM_DEBT_VAR,0,0,0,0,0,0,0,0,0,0,0,0
986,360_bb_CLOSED_AMT_CREDIT_SUM_DEBT_COUNT,0,0,1,1,0,0,3,0,0,0,0,2
987,360_bb_CLOSED_AMT_CREDIT_SUM_OVERDUE_MAX,0,0,0,0,0,0,0,0,0,0,0,0
988,360_bb_CLOSED_AMT_CREDIT_SUM_OVERDUE_MEAN,0,0,0,0,0,0,0,0,0,0,0,0
989,360_bb_CLOSED_AMT_CREDIT_SUM_OVERDUE_SUM,0,0,0,0,0,0,0,0,0,0,0,0
990,360_bb_CLOSED_AMT_CREDIT_SUM_OVERDUE_MIN,0,0,0,0,0,0,0,0,0,0,0,0
991,360_bb_CLOSED_AMT_CREDIT_SUM_OVERDUE_VAR,0,0,0,0,0,0,0,0,0,0,0,0
992,360_bb_CLOSED_AMT_CREDIT_SUM_OVERDUE_COUNT,0,0,0,0,0,0,0,0,0,0,0,0
993,360_bb_CLOSED_AMT_CREDIT_SUM_LIMIT_MAX,1,0,0,0,0,0,0,0,0,0,0,0
994,360_bb_CLOSED_AMT_CREDIT_SUM_LIMIT_MEAN,0,0,0,0,0,0,0,0,0,0,0,0
995,360_bb_CLOSED_AMT_CREDIT_SUM_LIMIT_SUM,0,0,0,0,0,0,0,0,0,0,0,0
996,360_bb_CLOSED_AMT_CREDIT_SUM_LIMIT_MIN,0,0,0,0,0,0,0,0,0,0,0,0
997,360_bb_CLOSED_AMT_CREDIT_SUM_LIMIT_VAR,0,0,0,0,0,0,0,0,0,0,0,0
998,360_bb_CLOSED_AMT_CREDIT_SUM_LIMIT_COUNT,0,0,0,1,1,0,4,0,0,0,0,0
999,360_bb_CLOSED_AMT_ANNUITY_MAX,4,2,11,6,2,0,5,3,1,3,4,0
1000,360_bb_CLOSED_AMT_ANNUITY_MEAN,5,3,8,3,1,1,6,5,4,5,2,0
1001,360_bb_CLOSED_AMT_ANNUITY_SUM,1,0,1,3,1,2,2,0,1,0,0,0
1002,360_bb_CLOSED_AMT_ANNUITY_MIN,3,2,0,2,3,2,2,0,0,2,2,0
1003,360_bb_CLOSED_AMT_ANNUITY_VAR,1,0,0,0,0,0,0,0,0,1,0,1
1004,360_bb_CLOSED_AMT_ANNUITY_COUNT,0,0,0,0,0,0,1,2,0,1,0,0
1005,360_bb_CLOSED_CNT_CREDIT_PROLONG_MAX,0,0,0,0,0,0,0,0,0,0,0,0
1006,360_bb_CLOSED_CNT_CREDIT_PROLONG_MEAN,0,0,0,0,0,0,0,0,0,0,0,0
1007,360_bb_CLOSED_CNT_CREDIT_PROLONG_SUM,0,0,0,0,0,0,0,0,0,0,0,0
1008,360_bb_CLOSED_CNT_CREDIT_PROLONG_MIN,0,0,0,0,0,0,0,0,0,0,0,0
1009,360_bb_CLOSED_CNT_CREDIT_PROLONG_VAR,0,0,0,0,0,0,1,0,0,0,0,0
1010,360_bb_CLOSED_CNT_CREDIT_PROLONG_COUNT,0,0,0,0,0,0,0,0,0,0,0,0
1011,360_bb_CLOSED_MONTHS_BALANCE_MIN_MAX,0,0,0,0,0,2,2,0,0,0,0,0
1012,360_bb_CLOSED_MONTHS_BALANCE_MIN_MEAN,0,0,4,1,0,4,6,2,2,0,3,4
1013,360_bb_CLOSED_MONTHS_BALANCE_MIN_SUM,9,16,5,7,5,7,12,11,4,11,11,8
1014,360_bb_CLOSED_MONTHS_BALANCE_MIN_MIN,1,0,0,1,2,2,7,3,0,1,4,3
1015,360_bb_CLOSED_MONTHS_BALANCE_MIN_VAR,1,7,5,6,6,6,10,0,4,2,0,5
1016,360_bb_CLOSED_MONTHS_BALANCE_MIN_COUNT,4,7,5,10,1,2,3,1,6,3,0,3
1017,360_bb_CLOSED_MONTHS_BALANCE_MAX_MAX,0,0,0,0,0,0,0,0,0,0,0,0
1018,360_bb_CLOSED_MONTHS_BALANCE_MAX_MEAN,3,2,3,1,0,0,9,2,5,0,0,1
1019,360_bb_CLOSED_MONTHS_BALANCE_MAX_SUM,2,0,2,0,0,1,0,0,1,0,0,0
1020,360_bb_CLOSED_MONTHS_BALANCE_MAX_MIN,0,0,0,0,0,0,0,0,1,0,0,0
1021,360_bb_CLOSED_MONTHS_BALANCE_MAX_VAR,2,2,0,6,0,0,1,0,0,2,0,2
1022,360_bb_CLOSED_MONTHS_BALANCE_MAX_COUNT,0,0,0,0,0,0,0,0,0,0,0,0
1023,360_bb_CLOSED_MONTHS_BALANCE_SIZE_MAX,0,0,0,1,0,1,3,0,2,2,0,0
1024,360_bb_CLOSED_MONTHS_BALANCE_SIZE_MEAN,0,1,1,0,4,4,2,2,2,2,0,2
1025,360_bb_CLOSED_MONTHS_BALANCE_SIZE_SUM,4,4,4,2,0,6,13,15,0,2,4,6
1026,360_bb_CLOSED_MONTHS_BALANCE_SIZE_MIN,0,1,0,0,1,0,0,1,0,0,0,2
1027,360_bb_CLOSED_MONTHS_BALANCE_SIZE_VAR,0,1,2,4,4,3,3,1,2,2,0,0
1028,360_bb_CLOSED_MONTHS_BALANCE_SIZE_COUNT,0,0,0,0,0,0,0,0,0,0,0,0
1029,f_12,97,77,102,108,93,123,188,76,109,104,103,161
1030,f_13,77,100,58,116,63,114,123,79,92,76,97,103
1031,f_15,83,97,89,131,63,108,146,72,75,75,79,98
1032,f_16,117,94,109,145,73,139,179,94,126,97,109,161
1033,f_17,112,142,108,143,123,133,183,97,134,117,116,101
1034,f70,8,14,9,14,7,15,22,9,13,8,9,8
1035,f71,6,6,5,16,11,15,29,7,8,20,6,16
1036,f76,3,6,17,22,9,14,23,20,19,6,11,17
1037,f72,63,68,81,104,85,119,143,78,80,90,55,115
1038,f73,109,134,131,202,136,152,218,97,131,128,111,175
1039,f74,93,123,126,108,125,191,210,133,154,106,135,142
1040,f75,15,6,18,36,24,44,49,19,24,18,17,27
1041,f88,52,39,72,91,42,102,144,58,60,76,57,84
1042,kris,1522,1498,1573,1601,1559,1632,1649,1526,1497,1568,1541,1604
1043,kris_nn,170,152,164,204,132,198,203,148,168,179,159,196
1044,nept,1332,1289,1314,1450,1361,1489,1534,1313,1433,1390,1306,1461
1045,xgb,1292,1345,1376,1373,1296,1318,1385,1306,1358,1367,1360,1334
1046,cat,384,406,413,459,442,445,484,432,425,470,435,470
